use QuanLyTrangThietBi
go

insert into ACCOUNT values ('huynhthiailinh', '123456', 1, N'Huỳnh Thị Ái Linh', '19TCLC_DT4', 'Công Nghệ Thông Tin')
insert into ACCOUNT values ('huynhngocthuat', '123456', 1, N'Huỳnh Ngọc Thuật', '19TCLC_DT2', 'Công Nghệ Thông Tin')
insert into ACCOUNT values ('lequochuy', '123456', 0, N'Lê Quốc Huy', '19TCLC_DT2', 'Công Nghệ Thông Tin')
insert into ACCOUNT values ('vuducphuong', '123456', 0, N'Vũ Đức Phương', '19TCLC_DT1', 'Công Nghệ Thông Tin')
insert into ACCOUNT values ('maivanha', '123456', 0, N'Mai Văn Hà', '', '')

insert into ZONE values ('A', 'Khu A')
--insert into ZONE values ('AVL', 'Phòng TN Động cơ & ô tô')
insert into ZONE values ('B', 'Khu B')
--insert into ZONE values ('C', 'Khu C')
--insert into ZONE values ('D', 'Khu D')
--insert into ZONE values ('E', 'Khu F')
--insert into ZONE values ('G', 'Khu G')
--insert into ZONE values ('H', 'Khu H')
--insert into ZONE values ('HL', 'Trung tâm học liệu')
--insert into ZONE values ('I', 'Khu I')
insert into ZONE values ('K', 'Khu K')
--insert into ZONE values ('M', 'Khu M')
--insert into ZONE values ('P', 'PFIEV')
--insert into ZONE values ('P2', 'PTN Cơ điện tử 1')
--insert into ZONE values ('P3', 'PTN Cơ điện tử 2')
--insert into ZONE values ('TNA', 'Thí nghiệm khu A')
--insert into ZONE values ('X1', 'Xưởng Cơ khí chế tạo')
insert into ZONE values ('X2', 'Xưởng Cơ khí động lực')
--insert into ZONE values ('X3', 'Xưởng Cơ khí Đúc')
--insert into ZONE values ('X4', 'Xưởng Nhiệt')
--insert into ZONE values ('X5', 'Xưởng Điện')

insert into ROOM values (N'A124', N'A', N'Phòng học')
insert into ROOM values (N'A133A', N'A', N'Phòng học')
--insert into ROOM values (N'A133B', N'A', N'Phòng học')
--insert into ROOM values (N'AVL1', N'A', N'Phòng học')
--insert into ROOM values (N'AVL2', N'A', N'Phòng học')
insert into ROOM values (N'B109', N'B', N'Phòng học')
--insert into ROOM values (N'B206', N'B', N'Phòng học')
--insert into ROOM values (N'B305', N'B', N'Phòng học')
--insert into ROOM values (N'C107', N'C', N'Phòng học')
--insert into ROOM values (N'C113', N'C', N'Phòng học')
--insert into ROOM values (N'C213B', N'C', N'Phòng học')
--insert into ROOM values (N'C304', N'C', N'Phòng học')
--insert into ROOM values (N'D111', N'D', N'Phòng học')
--insert into ROOM values (N'D215', N'D', N'Phòng học')
--insert into ROOM values (N'D111', N'D', N'Phòng học')
--insert into ROOM values (N'E110A', N'E', N'Phòng học')
--insert into ROOM values (N'E110B', N'E', N'Phòng học')
--insert into ROOM values (N'E406', N'E', N'Phòng học')
--insert into ROOM values (N'F110', N'F', N'Phòng học')
--insert into ROOM values (N'F209', N'F', N'Phòng học')
--insert into ROOM values (N'F303', N'F', N'Phòng học')
--insert into ROOM values (N'F406', N'F', N'Phòng học')
--insert into ROOM values (N'G102', N'G', N'Phòng học')
--insert into ROOM values (N'G105', N'G', N'Phòng học')
--insert into ROOM values (N'G106', N'G', N'Phòng học')
--insert into ROOM values (N'G201', N'G', N'Phòng học')
--insert into ROOM values (N'H108', N'H', N'Phòng học')
--insert into ROOM values (N'H204', N'H', N'Phòng học')
--insert into ROOM values (N'H306', N'H', N'Phòng học')
--insert into ROOM values (N'H402', N'H', N'Phòng học')
--insert into ROOM values (N'I301', N'I', N'Phòng học')
--insert into ROOM values (N'K103', N'K', N'Phòng học')
--insert into ROOM values (N'K104', N'K', N'Phòng học')
--insert into ROOM values (N'M206', N'M', N'Phòng học')
--insert into ROOM values (N'P1', N'P', N'Phòng học')
--insert into ROOM values (N'P2', N'P', N'Phòng học')
--insert into ROOM values (N'PTN', N'AVL', N'Phòng thí nghiệm')
--insert into ROOM values (N'PTN khu D', N'D', N'Phòng thí nghiệm')
insert into ROOM values (N'PTN khu K', N'K', N'Phòng thí nghiệm')
--insert into ROOM values (N'Xưởng CK', N'X1', N'Xưởng cơ khí chế tạo') CNC
insert into ROOM values (N'Xưởng ĐL', N'X2', N'Xưởng cơ khí động lực')

insert into EQUIPMENT values (N'A124_D1', N'A124', N'Đèn 1', '2021-01-01', N'Rạng Đông')
insert into EQUIPMENT values (N'A124_D2', N'A124', N'Đèn 2', '2021-12-01', N'Rạng Đông')
insert into EQUIPMENT values (N'A124_BG1', N'A124', N'Bàn ghế 1', '2021-02-01', N'Hòa Phát')
insert into EQUIPMENT values (N'A124_BG2', N'A124', N'Bàn ghế 2', '2014-02-01', N'Hòa Phát')
insert into EQUIPMENT values (N'A124_BG3', N'A124', N'Bàn ghế 3', '2021-02-01', N'Hòa Phát')
insert into EQUIPMENT values (N'A124_BG4', N'A124', N'Bàn ghế 4', '2021-05-01', N'Hòa Phát')
insert into EQUIPMENT values (N'A124_MC', N'A124', N'Máy chiếu', '2021-01-23', N'Sony')
insert into EQUIPMENT values (N'A124_Q1', N'A124', N'Quạt 1', '2019-01-23', N'Panasonic')
insert into EQUIPMENT values (N'A124_Q2', N'A124', N'Quạt 2', '2021-01-23', N'Panasonic')
insert into EQUIPMENT values (N'A124_DH1', N'A124', N'Điều hòa 1', '2021-01-23', N'Panasonic')
insert into EQUIPMENT values (N'A124_DH2', N'A124', N'Điều hòa 2', '2021-01-23', N'Panasonic')
insert into EQUIPMENT values (N'A124_CD1', N'A124', N'Cửa đi 1', '2021-01-23', N'Nhật Nguyên')
insert into EQUIPMENT values (N'A124_CD2', N'A124', N'Cửa đi 2', '2021-01-23', N'Nhật Nguyên')
insert into EQUIPMENT values (N'A124_CS1', N'A124', N'Cửa sổ 1', '2021-01-23', N'Nhật Nguyên')
insert into EQUIPMENT values (N'A124_CS2', N'A124', N'Cửa sổ 2', '2021-01-23', N'Nhật Nguyên')

insert into EQUIPMENT values (N'A133A_D1', N'A133A', N'Đèn 1', '2021-01-01', N'Rạng Đông')
insert into EQUIPMENT values (N'A133A_D2', N'A133A', N'Đèn 2', '2021-01-01', N'Rạng Đông')
insert into EQUIPMENT values (N'A133A_BG1', N'A133A', N'Bàn ghế 1', '2021-02-01', N'Hòa Phát')
insert into EQUIPMENT values (N'A133A_BG2', N'A133A', N'Bàn ghế 2', '2021-02-01', N'Hòa Phát')
insert into EQUIPMENT values (N'A133A_BG3', N'A133A', N'Bàn ghế 3', '2021-02-01', N'Hòa Phát')
insert into EQUIPMENT values (N'A133A_BG4', N'A133A', N'Bàn ghế 4', '2021-02-01', N'Hòa Phát')
insert into EQUIPMENT values (N'A133A_MC', N'A133A', N'Máy chiếu', '2021-01-23', N'Sony')
insert into EQUIPMENT values (N'A133A_Q1', N'A133A', N'Quạt 1', '2021-01-23', N'Panasonic')
insert into EQUIPMENT values (N'A133A_Q2', N'A133A', N'Quạt 2', '2021-01-23', N'Panasonic')
insert into EQUIPMENT values (N'A133A_DH1', N'A133A', N'Điều hòa 1', '2021-01-23', N'Panasonic')
insert into EQUIPMENT values (N'A133A_DH2', N'A133A', N'Điều hòa 2', '2021-01-23', N'Panasonic')
insert into EQUIPMENT values (N'A133A_CD1', N'A133A', N'Cửa đi 1', '2021-01-23', N'Nhật Nguyên')
insert into EQUIPMENT values (N'A133A_CD2', N'A133A', N'Cửa đi 2', '2021-01-23', N'Nhật Nguyên')
insert into EQUIPMENT values (N'A133A_CS1', N'A133A', N'Cửa sổ 1', '2021-01-23', N'Nhật Nguyên')
insert into EQUIPMENT values (N'A133A_CS2', N'A133A', N'Cửa sổ 2', '2021-01-23', N'Nhật Nguyên')

insert into EQUIPMENT values (N'B109_D1', N'B109', N'Đèn 1', '2021-01-01', N'Rạng Đông')
insert into EQUIPMENT values (N'B109_D2', N'B109', N'Đèn 2', '2021-01-01', N'Rạng Đông')
insert into EQUIPMENT values (N'B109_BG1', N'B109', N'Bàn ghế 1', '2021-02-01', N'Hòa Phát')
insert into EQUIPMENT values (N'B109_BG2', N'B109', N'Bàn ghế 2', '2021-02-01', N'Hòa Phát')
insert into EQUIPMENT values (N'B109_MC', N'B109', N'Máy chiếu', '2021-01-23', N'Sony')
insert into EQUIPMENT values (N'B109_Q1', N'B109', N'Quạt 1', '2021-01-23', N'Mitsubishi')
insert into EQUIPMENT values (N'B109_Q2', N'B109', N'Quạt 2', '2021-01-23', N'Mitsubishi')
insert into EQUIPMENT values (N'B109_DH1', N'B109', N'Điều hòa 1', '2021-01-23', N'Nagakawa')
insert into EQUIPMENT values (N'B109_DH2', N'B109', N'Điều hòa 2', '2021-01-23', N'Nagakawa')
insert into EQUIPMENT values (N'B109_CD', N'B109', N'Cửa đi', '2021-01-23', N'Nhật Nguyên')
insert into EQUIPMENT values (N'B109_CS1', N'B109', N'Cửa sổ 1', '2021-01-23', N'Nhật Nguyên')
insert into EQUIPMENT values (N'B109_CS2', N'B109', N'Cửa sổ 2', '2021-01-23', N'Nhật Nguyên')

insert into EQUIPMENT values (N'PTN_K_ON', N'PTN khu K', N'Ống nghiệm', '2021-01-23', N'Việt Khoa')
insert into EQUIPMENT values (N'PTN_K_BRT', N'PTN khu K', N'Bồn rửa tay', '2021-01-23', N'Việt Khoa')
insert into EQUIPMENT values (N'PTN_K_BC', N'PTN khu K', N'Bàn cân', '2021-01-23', N'Việt Khoa')

insert into EQUIPMENT values (N'X2_DL_MT', N'Xưởng ĐL', N'Máy tiện CNC', '2021-01-23', N'Thành Phát')
insert into EQUIPMENT values (N'X2_DL_MH', N'Xưởng ĐL', N'Máy hàn', '2021-01-23', N'Hồng Ký')

insert into STATUS values (N'A124_D1_khongSang', N'A124_D1', N'Không sáng')
insert into STATUS values (N'A124_D1_khac', N'A124_D1', N'Khác')
insert into STATUS values (N'A124_D2_khongSang', N'A124_D2', N'Không sáng')
insert into STATUS values (N'A124_D2_khac', N'A124_D2', N'Khác')
insert into STATUS values (N'A124_BG1_hong', N'A124_BG1', N'Bị hỏng')
insert into STATUS values (N'A124_BG1_khac', N'A124_BG1', N'Khác')
insert into STATUS values (N'A124_BG2_hong', N'A124_BG2', N'Bị hỏng')
insert into STATUS values (N'A124_BG2_khac', N'A124_BG2', N'Khác')
insert into STATUS values (N'A124_BG3_hong', N'A124_BG3', N'Bị hỏng')
insert into STATUS values (N'A124_BG3_khac', N'A124_BG3', N'Khác')
insert into STATUS values (N'A124_BG4_hong', N'A124_BG4', N'Bị hỏng')
insert into STATUS values (N'A124_BG4_khac', N'A124_BG4', N'Khác')
insert into STATUS values (N'A124_MC_mo', N'A124_MC', N'Quá mờ')
insert into STATUS values (N'A124_MC_khongBT', N'A124_MC', N'Hoạt động không bình thường')
insert into STATUS values (N'A124_MC_khac', N'A124_MC', N'Khác')
insert into STATUS values (N'A124_Q1_khongBT', N'A124_Q1', N'Chạy không bình thường')
insert into STATUS values (N'A124_Q1_khongHD', N'A124_Q1', N'Không hoạt động')
insert into STATUS values (N'A124_Q1_khac', N'A124_Q1', N'Khác')
insert into STATUS values (N'A124_Q2_khongBT', N'A124_Q2', N'Chạy không bình thường')
insert into STATUS values (N'A124_Q2_khongHD', N'A124_Q2', N'Không hoạt động')
insert into STATUS values (N'A124_Q2_khac', N'A124_Q2', N'Khác')
insert into STATUS values (N'A124_DH1_khongBT', N'A124_DH1', N'Chạy không bình thường')
insert into STATUS values (N'A124_DH1_khongHD', N'A124_DH1', N'Không hoạt động')
insert into STATUS values (N'A124_DH1_khac', N'A124_DH1', N'Khác')
insert into STATUS values (N'A124_DH2_khongBT', N'A124_DH2', N'Chạy không bình thường')
insert into STATUS values (N'A124_DH2_khongHD', N'A124_DH2', N'Không hoạt động')
insert into STATUS values (N'A124_DH2_khac', N'A124_DH2', N'Khác')
insert into STATUS values (N'A124_CD1_hong', N'A124_CD1', N'Bị hỏng')
insert into STATUS values (N'A124_CD1_khac', N'A124_CD1', N'Khác')
insert into STATUS values (N'A124_CD2_hong', N'A124_CD2', N'Bị hỏng')
insert into STATUS values (N'A124_CD2_khac', N'A124_CD2', N'Khác')
insert into STATUS values (N'A124_CS1_hong', N'A124_CS1', N'Bị hỏng')
insert into STATUS values (N'A124_CS1_khac', N'A124_CS1', N'Khác')
insert into STATUS values (N'A124_CS2_hong', N'A124_CS2', N'Bị hỏng')
insert into STATUS values (N'A124_CS2_khac', N'A124_CS2', N'Khác')

insert into STATUS values (N'A133A_D1_khongSang', N'A133A_D1', N'Không sáng')
insert into STATUS values (N'A133A_D1_khac', N'A133A_D1', N'Khác')
insert into STATUS values (N'A133A_D2_khongSang', N'A133A_D2', N'Không sáng')
insert into STATUS values (N'A133A_D2_khac', N'A133A_D2', N'Khác')
insert into STATUS values (N'A133A_BG1_hong', N'A133A_BG1', N'Bị hỏng')
insert into STATUS values (N'A133A_BG1_khac', N'A133A_BG1', N'Khác')
insert into STATUS values (N'A133A_BG2_hong', N'A133A_BG2', N'Bị hỏng')
insert into STATUS values (N'A133A_BG2_khac', N'A133A_BG2', N'Khác')
insert into STATUS values (N'A133A_BG3_hong', N'A133A_BG3', N'Bị hỏng')
insert into STATUS values (N'A133A_BG3_khac', N'A133A_BG3', N'Khác')
insert into STATUS values (N'A133A_BG4_hong', N'A133A_BG4', N'Bị hỏng')
insert into STATUS values (N'A133A_BG4_khac', N'A133A_BG4', N'Khác')
insert into STATUS values (N'A133A_MC_mo', N'A133A_MC', N'Quá mờ')
insert into STATUS values (N'A133A_MC_khongBT', N'A133A_MC', N'Hoạt động không bình thường')
insert into STATUS values (N'A133A_MC_khac', N'A133A_MC', N'Khác')
insert into STATUS values (N'A133A_Q1_khongBT', N'A133A_Q1', N'Chạy không bình thường')
insert into STATUS values (N'A133A_Q1_khongHD', N'A133A_Q1', N'Không hoạt động')
insert into STATUS values (N'A133A_Q1_khac', N'A133A_Q1', N'Khác')
insert into STATUS values (N'A133A_Q2_khongBT', N'A133A_Q2', N'Chạy không bình thường')
insert into STATUS values (N'A133A_Q2_khongHD', N'A133A_Q2', N'Không hoạt động')
insert into STATUS values (N'A133A_Q2_khac', N'A133A_Q2', N'Khác')
insert into STATUS values (N'A133A_DH1_khongBT', N'A133A_DH1', N'Chạy không bình thường')
insert into STATUS values (N'A133A_DH1_khongHD', N'A133A_DH1', N'Không hoạt động')
insert into STATUS values (N'A133A_DH1_khac', N'A133A_DH1', N'Khác')
insert into STATUS values (N'A133A_DH2_khongBT', N'A133A_DH2', N'Chạy không bình thường')
insert into STATUS values (N'A133A_DH2_khongHD', N'A133A_DH2', N'Không hoạt động')
insert into STATUS values (N'A133A_DH2_khac', N'A133A_DH2', N'Khác')
insert into STATUS values (N'A133A_CD1_hong', N'A133A_CD1', N'Bị hỏng')
insert into STATUS values (N'A133A_CD1_khac', N'A133A_CD1', N'Khác')
insert into STATUS values (N'A133A_CD2_hong', N'A133A_CD2', N'Bị hỏng')
insert into STATUS values (N'A133A_CD2_khac', N'A133A_CD2', N'Khác')
insert into STATUS values (N'A133A_CS1_hong', N'A133A_CS1', N'Bị hỏng')
insert into STATUS values (N'A133A_CS1_khac', N'A133A_CS1', N'Khác')
insert into STATUS values (N'A133A_CS2_hong', N'A133A_CS2', N'Bị hỏng')
insert into STATUS values (N'A133A_CS2_khac', N'A133A_CS2', N'Khác')

insert into STATUS values (N'B109_D1_khongSang', N'B109_D1', N'Không sáng')
insert into STATUS values (N'B109_D1_khac', N'B109_D1', N'Khác')
insert into STATUS values (N'B109_D2_khongSang', N'B109_D2', N'Không sáng')
insert into STATUS values (N'B109_D2_khac', N'B109_D2', N'Khác')
insert into STATUS values (N'B109_BG1_hong', N'B109_BG1', N'Bị hỏng')
insert into STATUS values (N'B109_BG1_khac', N'B109_BG1', N'Khác')
insert into STATUS values (N'B109_BG2_hong', N'B109_BG2', N'Bị hỏng')
insert into STATUS values (N'B109_BG2_khac', N'B109_BG2', N'Khác')
insert into STATUS values (N'B109_MC_mo', N'B109_MC', N'Quá mờ')
insert into STATUS values (N'B109_MC_khongBT', N'B109_MC', N'Hoạt động không bình thường')
insert into STATUS values (N'B109_MC_khac', N'B109_MC', N'Khác')
insert into STATUS values (N'B109_Q1_khongBT', N'B109_Q1', N'Chạy không bình thường')
insert into STATUS values (N'B109_Q1_khongHD', N'B109_Q1', N'Không hoạt động')
insert into STATUS values (N'B109_Q1_khac', N'B109_Q1', N'Khác')
insert into STATUS values (N'B109_Q2_khongBT', N'B109_Q2', N'Chạy không bình thường')
insert into STATUS values (N'B109_Q2_khongHD', N'B109_Q2', N'Không hoạt động')
insert into STATUS values (N'B109_Q2_khac', N'B109_Q2', N'Khác')
insert into STATUS values (N'B109_DH1_khongBT', N'B109_DH1', N'Chạy không bình thường')
insert into STATUS values (N'B109_DH1_khongHD', N'B109_DH1', N'Không hoạt động')
insert into STATUS values (N'B109_DH1_khac', N'B109_DH1', N'Khác')
insert into STATUS values (N'B109_DH2_khongBT', N'B109_DH2', N'Chạy không bình thường')
insert into STATUS values (N'B109_DH2_khongHD', N'B109_DH2', N'Không hoạt động')
insert into STATUS values (N'B109_DH2_khac', N'B109_DH2', N'Khác')
insert into STATUS values (N'B109_CD_hong', N'B109_CD', N'Bị hỏng')
insert into STATUS values (N'B109_CD_khac', N'B109_CD', N'Khác')
insert into STATUS values (N'B109_CS1_hong', N'B109_CS1', N'Bị hỏng')
insert into STATUS values (N'B109_CS1_khac', N'B109_CS1', N'Khác')
insert into STATUS values (N'B109_CS2_hong', N'B109_CS2', N'Bị hỏng')
insert into STATUS values (N'B109_CS2_khac', N'B109_CS2', N'Khác')

insert into STATUS values (N'PTN_K_ON_vo', N'PTN_K_ON', N'Vỡ')
insert into STATUS values (N'PTN_K_ON_khac', N'PTN_K_ON', N'Khác')
insert into STATUS values (N'PTN_K_BRT_vo', N'PTN_K_ON', N'Vỡ')
insert into STATUS values (N'PTN_K_BRT_khongNuoc', N'PTN_K_ON', N'Không có nước')
insert into STATUS values (N'PTN_K_BRT_khac', N'PTN_K_ON', N'Khác')
insert into STATUS values (N'PTN_K_BC_hong', N'PTN_K_ON', N'Bị hỏng')
insert into STATUS values (N'PTN_K_BC_khac', N'PTN_K_ON', N'Khác')
insert into STATUS values (N'X2_DL_MT_hong', N'X2_DL_MT', N'Bị hỏng')
insert into STATUS values (N'X2_DL_MT_khac', N'X2_DL_MT', N'Khác')
insert into STATUS values (N'X2_DL_MH_hong', N'X2_DL_MH', N'Bị hỏng')
insert into STATUS values (N'X2_DL_MH_khac', N'X2_DL_MH', N'Khác')

insert into REPORT values (3, N'A124', N'A124_Q1', N'A124_Q1_khongHD', N'Mong ad xử lý sớm ạ!', 0, '2021-03-30', 1)
insert into REPORT values (2, N'A133A', N'A133A_BG1', N'A133A_BG1_hong', N'', 0, '2021-03-30', 1)
insert into REPORT values (1, N'B109', N'B109_DH1', N'B109_DH1_khac', N'Bị bẩn', 0, '2029-03-30', 1)
insert into REPORT values (3, N'PTN khu K', N'PTN_K_ON', N'PTN_K_ON_vo', N'', 0, '2021-03-30', 1)
insert into REPORT values (4, N'B109', N'B109_CD', N'B109_CD_khac', N'Không mở được', 0, '2021-03-30', 1)
insert into REPORT values (2, N'A133A', N'A133A_MC', N'A133A_MC_khongBT', N'Nhờ ad giải quyết!', 0, '2021-01-30', 1)
insert into REPORT values (4, N'Xưởng ĐL', N'X2_DL_MT', N'X2_DL_MT_khac', N'Bị nóng', 0, '2020-03-30', 1)
insert into REPORT values (5, N'B109', N'B109_BG1', N'B109_BG1_khac', N'Gãy một chân bàn', 0, '2021-03-30', 1)

insert into RESPONSE values (1, 1, 'Cảm ơn em', 0, '2021-04-01')
insert into RESPONSE values (2, 2, 'Đã giải quyết xong, cảm ơn em', 2, '2021-04-01')
insert into RESPONSE values (1, 3, 'Báo cáo của em sai!', 3, '2021-04-01')
insert into RESPONSE values (2, 4, 'Đang xử lý', 1, '2021-04-01')
insert into RESPONSE values (2, 5, 'Đã nhận được tin, chúng mình sẽ bắt đầu kiểm tra.', 0, '2021-04-01')
insert into RESPONSE values (1, 6, 'Cảm ơn em!', 0, '2021-04-01')