use MVH_10
go

insert into ACCOUNT values ('huynhthiailinh', '123456', 1, N'Huỳnh Thị Ái Linh', '19TCLC_DT4', 'Công Nghệ Thông Tin')
insert into ACCOUNT values ('huynhngocthuat', '123456', 1, N'Huỳnh Ngọc Thuật', '19TCLC_DT2', 'Công Nghệ Thông Tin')
insert into ACCOUNT values ('lequochuy', '123456', 0, N'Lê Quốc Huy', '19TCLC_DT2', 'Công Nghệ Thông Tin')
insert into ACCOUNT values ('vuducphuong', '123456', 0, N'Vũ Đức Phương', '19TCLC_DT1', 'Công Nghệ Thông Tin')
insert into ACCOUNT values ('maivanha', '123456', 0, N'Mai Văn Hà', '', '')

insert into ZONE values ('A', 'Khu A')
insert into ZONE values ('AVL', 'Phòng TN Động cơ & ô tô')
insert into ZONE values ('B', 'Khu B')
insert into ZONE values ('C', 'Khu C')
insert into ZONE values ('D', 'Khu D')
insert into ZONE values ('E', 'Khu E')
insert into ZONE values ('F', 'Khu F')
insert into ZONE values ('G', 'Khu G')
insert into ZONE values ('H', 'Khu H')
insert into ZONE values ('HL', 'Trung tâm học liệu')
insert into ZONE values ('I', 'Khu I')
insert into ZONE values ('K', 'Khu K')
insert into ZONE values ('M', 'Khu M')
insert into ZONE values ('P', 'PFIEV')
insert into ZONE values ('P2', 'PTN Cơ điện tử 1')
insert into ZONE values ('P3', 'PTN Cơ điện tử 2')
insert into ZONE values ('TNA', 'Thí nghiệm khu A')
insert into ZONE values ('X1', 'Xưởng Cơ khí chế tạo')
insert into ZONE values ('X2', 'Xưởng Cơ khí động lực')
insert into ZONE values ('X3', 'Xưởng Cơ khí Đúc')
insert into ZONE values ('X4', 'Xưởng Nhiệt')
insert into ZONE values ('X5', 'Xưởng Điện')
----------------------------------------------------------------------------------------------------------------------
insert into ROOM values (N'A124', N'A', N'Phòng học')

insert into EQUIPMENT values (N'A124_D1', N'A124', N'Đèn 1', '2021-01-01', N'Rạng Đông')
insert into EQUIPMENT values (N'A124_D2', N'A124', N'Đèn 2', '2021-12-01', N'Rạng Đông')
insert into EQUIPMENT values (N'A124_BG1', N'A124', N'Bàn ghế 1', '2021-02-01', N'Hòa Phát')
insert into EQUIPMENT values (N'A124_BG2', N'A124', N'Bàn ghế 2', '2014-02-01', N'Hòa Phát')
insert into EQUIPMENT values (N'A124_BG3', N'A124', N'Bàn ghế 3', '2021-02-01', N'Hòa Phát')
insert into EQUIPMENT values (N'A124_BG4', N'A124', N'Bàn ghế 4', '2021-05-01', N'Hòa Phát')
insert into EQUIPMENT values (N'A124_MC', N'A124', N'Máy chiếu', '2021-01-23', N'Sony')
insert into EQUIPMENT values (N'A124_Q1', N'A124', N'Quạt 1', '2019-01-23', N'Panasonic')
insert into EQUIPMENT values (N'A124_Q2', N'A124', N'Quạt 2', '2021-01-23', N'Panasonic')
insert into EQUIPMENT values (N'A124_DH1', N'A124', N'Điều hòa 1', '2021-01-23', N'Panasonic')
insert into EQUIPMENT values (N'A124_DH2', N'A124', N'Điều hòa 2', '2021-01-23', N'Panasonic')
insert into EQUIPMENT values (N'A124_CD1', N'A124', N'Cửa đi 1', '2021-01-23', N'Nhật Nguyên')
insert into EQUIPMENT values (N'A124_CD2', N'A124', N'Cửa đi 2', '2021-01-23', N'Nhật Nguyên')
insert into EQUIPMENT values (N'A124_CS1', N'A124', N'Cửa sổ 1', '2021-01-23', N'Nhật Nguyên')
insert into EQUIPMENT values (N'A124_CS2', N'A124', N'Cửa sổ 2', '2021-01-23', N'Nhật Nguyên')

insert into STATUS values (N'A124_D1_khongSang', N'A124_D1', N'Không sáng')
insert into STATUS values (N'A124_D1_khac', N'A124_D1', N'Khác')
insert into STATUS values (N'A124_D2_khongSang', N'A124_D2', N'Không sáng')
insert into STATUS values (N'A124_D2_khac', N'A124_D2', N'Khác')
insert into STATUS values (N'A124_BG1_hong', N'A124_BG1', N'Bị hỏng')
insert into STATUS values (N'A124_BG1_khac', N'A124_BG1', N'Khác')
insert into STATUS values (N'A124_BG2_hong', N'A124_BG2', N'Bị hỏng')
insert into STATUS values (N'A124_BG2_khac', N'A124_BG2', N'Khác')
insert into STATUS values (N'A124_BG3_hong', N'A124_BG3', N'Bị hỏng')
insert into STATUS values (N'A124_BG3_khac', N'A124_BG3', N'Khác')
insert into STATUS values (N'A124_BG4_hong', N'A124_BG4', N'Bị hỏng')
insert into STATUS values (N'A124_BG4_khac', N'A124_BG4', N'Khác')
insert into STATUS values (N'A124_MC_mo', N'A124_MC', N'Quá mờ')
insert into STATUS values (N'A124_MC_khongBT', N'A124_MC', N'Hoạt động không bình thường')
insert into STATUS values (N'A124_MC_khac', N'A124_MC', N'Khác')
insert into STATUS values (N'A124_Q1_khongBT', N'A124_Q1', N'Chạy không bình thường')
insert into STATUS values (N'A124_Q1_khongHD', N'A124_Q1', N'Không hoạt động')
insert into STATUS values (N'A124_Q1_khac', N'A124_Q1', N'Khác')
insert into STATUS values (N'A124_Q2_khongBT', N'A124_Q2', N'Chạy không bình thường')
insert into STATUS values (N'A124_Q2_khongHD', N'A124_Q2', N'Không hoạt động')
insert into STATUS values (N'A124_Q2_khac', N'A124_Q2', N'Khác')
insert into STATUS values (N'A124_DH1_khongBT', N'A124_DH1', N'Chạy không bình thường')
insert into STATUS values (N'A124_DH1_khongHD', N'A124_DH1', N'Không hoạt động')
insert into STATUS values (N'A124_DH1_khac', N'A124_DH1', N'Khác')
insert into STATUS values (N'A124_DH2_khongBT', N'A124_DH2', N'Chạy không bình thường')
insert into STATUS values (N'A124_DH2_khongHD', N'A124_DH2', N'Không hoạt động')
insert into STATUS values (N'A124_DH2_khac', N'A124_DH2', N'Khác')
insert into STATUS values (N'A124_CD1_hong', N'A124_CD1', N'Bị hỏng')
insert into STATUS values (N'A124_CD1_khac', N'A124_CD1', N'Khác')
insert into STATUS values (N'A124_CD2_hong', N'A124_CD2', N'Bị hỏng')
insert into STATUS values (N'A124_CD2_khac', N'A124_CD2', N'Khác')
insert into STATUS values (N'A124_CS1_hong', N'A124_CS1', N'Bị hỏng')
insert into STATUS values (N'A124_CS1_khac', N'A124_CS1', N'Khác')
insert into STATUS values (N'A124_CS2_hong', N'A124_CS2', N'Bị hỏng')
insert into STATUS values (N'A124_CS2_khac', N'A124_CS2', N'Khác')

----------------------------------------------------------------------------------------------------------------------

insert into ROOM values (N'A133A', N'A', N'Phòng học')

insert into EQUIPMENT values (N'A133A_D1', N'A133A', N'Đèn 1', '2021-01-01', N'Rạng Đông')
insert into EQUIPMENT values (N'A133A_D2', N'A133A', N'Đèn 2', '2021-01-01', N'Rạng Đông')
insert into EQUIPMENT values (N'A133A_BG1', N'A133A', N'Bàn ghế 1', '2021-02-01', N'Hòa Phát')
insert into EQUIPMENT values (N'A133A_BG2', N'A133A', N'Bàn ghế 2', '2021-02-01', N'Hòa Phát')
insert into EQUIPMENT values (N'A133A_BG3', N'A133A', N'Bàn ghế 3', '2021-02-01', N'Hòa Phát')
insert into EQUIPMENT values (N'A133A_BG4', N'A133A', N'Bàn ghế 4', '2021-02-01', N'Hòa Phát')
insert into EQUIPMENT values (N'A133A_MC', N'A133A', N'Máy chiếu', '2021-01-23', N'Sony')
insert into EQUIPMENT values (N'A133A_Q1', N'A133A', N'Quạt 1', '2021-01-23', N'Panasonic')
insert into EQUIPMENT values (N'A133A_Q2', N'A133A', N'Quạt 2', '2021-01-23', N'Panasonic')
insert into EQUIPMENT values (N'A133A_DH1', N'A133A', N'Điều hòa 1', '2021-01-23', N'Panasonic')
insert into EQUIPMENT values (N'A133A_DH2', N'A133A', N'Điều hòa 2', '2021-01-23', N'Panasonic')
insert into EQUIPMENT values (N'A133A_CD1', N'A133A', N'Cửa đi 1', '2021-01-23', N'Nhật Nguyên')
insert into EQUIPMENT values (N'A133A_CD2', N'A133A', N'Cửa đi 2', '2021-01-23', N'Nhật Nguyên')
insert into EQUIPMENT values (N'A133A_CS1', N'A133A', N'Cửa sổ 1', '2021-01-23', N'Nhật Nguyên')
insert into EQUIPMENT values (N'A133A_CS2', N'A133A', N'Cửa sổ 2', '2021-01-23', N'Nhật Nguyên')

insert into STATUS values (N'A133A_D1_khongSang', N'A133A_D1', N'Không sáng')
insert into STATUS values (N'A133A_D1_khac', N'A133A_D1', N'Khác')
insert into STATUS values (N'A133A_D2_khongSang', N'A133A_D2', N'Không sáng')
insert into STATUS values (N'A133A_D2_khac', N'A133A_D2', N'Khác')
insert into STATUS values (N'A133A_BG1_hong', N'A133A_BG1', N'Bị hỏng')
insert into STATUS values (N'A133A_BG1_khac', N'A133A_BG1', N'Khác')
insert into STATUS values (N'A133A_BG2_hong', N'A133A_BG2', N'Bị hỏng')
insert into STATUS values (N'A133A_BG2_khac', N'A133A_BG2', N'Khác')
insert into STATUS values (N'A133A_BG3_hong', N'A133A_BG3', N'Bị hỏng')
insert into STATUS values (N'A133A_BG3_khac', N'A133A_BG3', N'Khác')
insert into STATUS values (N'A133A_BG4_hong', N'A133A_BG4', N'Bị hỏng')
insert into STATUS values (N'A133A_BG4_khac', N'A133A_BG4', N'Khác')
insert into STATUS values (N'A133A_MC_mo', N'A133A_MC', N'Quá mờ')
insert into STATUS values (N'A133A_MC_khongBT', N'A133A_MC', N'Hoạt động không bình thường')
insert into STATUS values (N'A133A_MC_khac', N'A133A_MC', N'Khác')
insert into STATUS values (N'A133A_Q1_khongBT', N'A133A_Q1', N'Chạy không bình thường')
insert into STATUS values (N'A133A_Q1_khongHD', N'A133A_Q1', N'Không hoạt động')
insert into STATUS values (N'A133A_Q1_khac', N'A133A_Q1', N'Khác')
insert into STATUS values (N'A133A_Q2_khongBT', N'A133A_Q2', N'Chạy không bình thường')
insert into STATUS values (N'A133A_Q2_khongHD', N'A133A_Q2', N'Không hoạt động')
insert into STATUS values (N'A133A_Q2_khac', N'A133A_Q2', N'Khác')
insert into STATUS values (N'A133A_DH1_khongBT', N'A133A_DH1', N'Chạy không bình thường')
insert into STATUS values (N'A133A_DH1_khongHD', N'A133A_DH1', N'Không hoạt động')
insert into STATUS values (N'A133A_DH1_khac', N'A133A_DH1', N'Khác')
insert into STATUS values (N'A133A_DH2_khongBT', N'A133A_DH2', N'Chạy không bình thường')
insert into STATUS values (N'A133A_DH2_khongHD', N'A133A_DH2', N'Không hoạt động')
insert into STATUS values (N'A133A_DH2_khac', N'A133A_DH2', N'Khác')
insert into STATUS values (N'A133A_CD1_hong', N'A133A_CD1', N'Bị hỏng')
insert into STATUS values (N'A133A_CD1_khac', N'A133A_CD1', N'Khác')
insert into STATUS values (N'A133A_CD2_hong', N'A133A_CD2', N'Bị hỏng')
insert into STATUS values (N'A133A_CD2_khac', N'A133A_CD2', N'Khác')
insert into STATUS values (N'A133A_CS1_hong', N'A133A_CS1', N'Bị hỏng')
insert into STATUS values (N'A133A_CS1_khac', N'A133A_CS1', N'Khác')
insert into STATUS values (N'A133A_CS2_hong', N'A133A_CS2', N'Bị hỏng')
insert into STATUS values (N'A133A_CS2_khac', N'A133A_CS2', N'Khác')

----------------------------------------------------------------------------------------------------------------------

insert into ROOM values (N'A133B', N'A', N'Phòng học')

insert into EQUIPMENT values (N'A133B_D1', N'A133B', N'Đèn 1', '2021-01-01', N'Rạng Đông')
insert into EQUIPMENT values (N'A133B_D2', N'A133B', N'Đèn 2', '2021-01-01', N'Rạng Đông')
insert into EQUIPMENT values (N'A133B_BG1', N'A133B', N'Bàn ghế 1', '2021-02-01', N'Hòa Phát')
insert into EQUIPMENT values (N'A133B_BG2', N'A133B', N'Bàn ghế 2', '2017-02-01', N'Hòa Phát')
insert into EQUIPMENT values (N'A133B_BG3', N'A133B', N'Bàn ghế 3', '2021-02-01', N'Hòa Phát')
insert into EQUIPMENT values (N'A133B_BG4', N'A133B', N'Bàn ghế 4', '2021-02-01', N'Hòa Phát')
insert into EQUIPMENT values (N'A133B_MC', N'A133B', N'Máy chiếu', '2018-01-23', N'Sony')
insert into EQUIPMENT values (N'A133B_Q1', N'A133B', N'Quạt 1', '2021-01-23', N'Panasonic')
insert into EQUIPMENT values (N'A133B_Q2', N'A133B', N'Quạt 2', '2021-03-23', N'Panasonic')
insert into EQUIPMENT values (N'A133B_DH1', N'A133B', N'Điều hòa 1', '2021-01-23', N'Panasonic')
insert into EQUIPMENT values (N'A133B_DH2', N'A133B', N'Điều hòa 2', '2021-02-23', N'Panasonic')
insert into EQUIPMENT values (N'A133B_CD1', N'A133B', N'Cửa đi 1', '2021-01-23', N'Nhật Nguyên')
insert into EQUIPMENT values (N'A133B_CD2', N'A133B', N'Cửa đi 2', '2021-01-25', N'Nhật Nguyên')
insert into EQUIPMENT values (N'A133B_CS1', N'A133B', N'Cửa sổ 1', '2021-01-23', N'Nhật Nguyên')
insert into EQUIPMENT values (N'A133B_CS2', N'A133B', N'Cửa sổ 2', '2021-01-26', N'Nhật Nguyên')

insert into STATUS values (N'A133B_D1_khongSang', N'A133B_D1', N'Không sáng')
insert into STATUS values (N'A133B_D1_khac', N'A133B_D1', N'Khác')
insert into STATUS values (N'A133B_D2_khongSang', N'A133B_D2', N'Không sáng')
insert into STATUS values (N'A133B_D2_khac', N'A133B_D2', N'Khác')
insert into STATUS values (N'A133B_BG1_hong', N'A133B_BG1', N'Bị hỏng')
insert into STATUS values (N'A133B_BG1_khac', N'A133B_BG1', N'Khác')
insert into STATUS values (N'A133B_BG2_hong', N'A133B_BG2', N'Bị hỏng')
insert into STATUS values (N'A133B_BG2_khac', N'A133B_BG2', N'Khác')
insert into STATUS values (N'A133B_BG3_hong', N'A133B_BG3', N'Bị hỏng')
insert into STATUS values (N'A133B_BG3_khac', N'A133B_BG3', N'Khác')
insert into STATUS values (N'A133B_BG4_hong', N'A133B_BG4', N'Bị hỏng')
insert into STATUS values (N'A133B_BG4_khac', N'A133B_BG4', N'Khác')
insert into STATUS values (N'A133B_MC_mo', N'A133B_MC', N'Quá mờ')
insert into STATUS values (N'A133B_MC_khongBT', N'A133B_MC', N'Hoạt động không bình thường')
insert into STATUS values (N'A133B_MC_khac', N'A133B_MC', N'Khác')
insert into STATUS values (N'A133B_Q1_khongBT', N'A133B_Q1', N'Chạy không bình thường')
insert into STATUS values (N'A133B_Q1_khongHD', N'A133B_Q1', N'Không hoạt động')
insert into STATUS values (N'A133B_Q1_khac', N'A133B_Q1', N'Khác')
insert into STATUS values (N'A133B_Q2_khongBT', N'A133B_Q2', N'Chạy không bình thường')
insert into STATUS values (N'A133B_Q2_khongHD', N'A133B_Q2', N'Không hoạt động')
insert into STATUS values (N'A133B_Q2_khac', N'A133B_Q2', N'Khác')
insert into STATUS values (N'A133B_DH1_khongBT', N'A133B_DH1', N'Chạy không bình thường')
insert into STATUS values (N'A133B_DH1_khongHD', N'A133B_DH1', N'Không hoạt động')
insert into STATUS values (N'A133B_DH1_khac', N'A133B_DH1', N'Khác')
insert into STATUS values (N'A133B_DH2_khongBT', N'A133B_DH2', N'Chạy không bình thường')
insert into STATUS values (N'A133B_DH2_khongHD', N'A133B_DH2', N'Không hoạt động')
insert into STATUS values (N'A133B_DH2_khac', N'A133B_DH2', N'Khác')
insert into STATUS values (N'A133B_CD1_hong', N'A133B_CD1', N'Bị hỏng')
insert into STATUS values (N'A133B_CD1_khac', N'A133B_CD1', N'Khác')
insert into STATUS values (N'A133B_CD2_hong', N'A133B_CD2', N'Bị hỏng')
insert into STATUS values (N'A133B_CD2_khac', N'A133B_CD2', N'Khác')
insert into STATUS values (N'A133B_CS1_hong', N'A133B_CS1', N'Bị hỏng')
insert into STATUS values (N'A133B_CS1_khac', N'A133B_CS1', N'Khác')
insert into STATUS values (N'A133B_CS2_hong', N'A133B_CS2', N'Bị hỏng')
insert into STATUS values (N'A133B_CS2_khac', N'A133B_CS2', N'Khác')

----------------------------------------------------------------------------------------------------------------------

insert into ROOM values (N'AVL1', N'A', N'Phòng học')

insert into EQUIPMENT values (N'AVL1_D1', N'AVL1', N'Đèn 1', '2021-01-01', N'Rạng Đông')
insert into EQUIPMENT values (N'AVL1_D2', N'AVL1', N'Đèn 2', '2021-01-01', N'Rạng Đông')
insert into EQUIPMENT values (N'AVL1_BG1', N'AVL1', N'Bàn ghế 1', '2021-02-01', N'Hòa Phát')
insert into EQUIPMENT values (N'AVL1_BG2', N'AVL1', N'Bàn ghế 2', '2017-02-01', N'Hòa Phát')
insert into EQUIPMENT values (N'AVL1_BG3', N'AVL1', N'Bàn ghế 3', '2021-02-01', N'Hòa Phát')
insert into EQUIPMENT values (N'AVL1_BG4', N'AVL1', N'Bàn ghế 4', '2021-02-01', N'Hòa Phát')
insert into EQUIPMENT values (N'AVL1_MC', N'AVL1', N'Máy chiếu', '2018-01-23', N'Sony')
insert into EQUIPMENT values (N'AVL1_Q1', N'AVL1', N'Quạt 1', '2021-01-23', N'Panasonic')
insert into EQUIPMENT values (N'AVL1_Q2', N'AVL1', N'Quạt 2', '2021-03-23', N'Panasonic')
insert into EQUIPMENT values (N'AVL1_DH1', N'AVL1', N'Điều hòa 1', '2021-01-23', N'Panasonic')
insert into EQUIPMENT values (N'AVL1_DH2', N'AVL1', N'Điều hòa 2', '2021-02-23', N'Panasonic')
insert into EQUIPMENT values (N'AVL1_CD1', N'AVL1', N'Cửa đi 1', '2021-01-23', N'Nhật Nguyên')
insert into EQUIPMENT values (N'AVL1_CD2', N'AVL1', N'Cửa đi 2', '2021-01-25', N'Nhật Nguyên')
insert into EQUIPMENT values (N'AVL1_CS1', N'AVL1', N'Cửa sổ 1', '2021-01-23', N'Nhật Nguyên')
insert into EQUIPMENT values (N'AVL1_CS2', N'AVL1', N'Cửa sổ 2', '2021-01-26', N'Nhật Nguyên')

insert into STATUS values (N'AVL1_D1_khongSang',N'AVL1_D1', N'Không sáng')
insert into STATUS values (N'AVL1_D1_khac',     N'AVL1_D1', N'Khác')
insert into STATUS values (N'AVL1_D2_khongSang',N'AVL1_D2', N'Không sáng')
insert into STATUS values (N'AVL1_D2_khac',     N'AVL1_D2', N'Khác')
insert into STATUS values (N'AVL1_BG1_hong',    N'AVL1_BG1', N'Bị hỏng')
insert into STATUS values (N'AVL1_BG1_khac',    N'AVL1_BG1', N'Khác')
insert into STATUS values (N'AVL1_BG2_hong',    N'AVL1_BG2', N'Bị hỏng')
insert into STATUS values (N'AVL1_BG2_khac',    N'AVL1_BG2', N'Khác')
insert into STATUS values (N'AVL1_BG3_hong',    N'AVL1_BG3', N'Bị hỏng')
insert into STATUS values (N'AVL1_BG3_khac',    N'AVL1_BG3', N'Khác')
insert into STATUS values (N'AVL1_BG4_hong',    N'AVL1_BG4', N'Bị hỏng')
insert into STATUS values (N'AVL1_BG4_khac',    N'AVL1_BG4', N'Khác')
insert into STATUS values (N'AVL1_MC_mo',       N'AVL1_MC', N'Quá mờ')
insert into STATUS values (N'AVL1_MC_khongBT',  N'AVL1_MC', N'Hoạt động không bình thường')
insert into STATUS values (N'AVL1_MC_khac',     N'AVL1_MC', N'Khác')
insert into STATUS values (N'AVL1_Q1_khongBT',  N'AVL1_Q1', N'Chạy không bình thường')
insert into STATUS values (N'AVL1_Q1_khongHD',  N'AVL1_Q1', N'Không hoạt động')
insert into STATUS values (N'AVL1_Q1_khac',     N'AVL1_Q1', N'Khác')
insert into STATUS values (N'AVL1_Q2_khongBT',  N'AVL1_Q2', N'Chạy không bình thường')
insert into STATUS values (N'AVL1_Q2_khongHD',  N'AVL1_Q2', N'Không hoạt động')
insert into STATUS values (N'AVL1_Q2_khac',     N'AVL1_Q2', N'Khác')
insert into STATUS values (N'AVL1_DH1_khongBT', N'AVL1_DH1', N'Chạy không bình thường')
insert into STATUS values (N'AVL1_DH1_khongHD', N'AVL1_DH1', N'Không hoạt động')
insert into STATUS values (N'AVL1_DH1_khac',    N'AVL1_DH1', N'Khác')
insert into STATUS values (N'AVL1_DH2_khongBT', N'AVL1_DH2', N'Chạy không bình thường')
insert into STATUS values (N'AVL1_DH2_khongHD', N'AVL1_DH2', N'Không hoạt động')
insert into STATUS values (N'AVL1_DH2_khac',    N'AVL1_DH2', N'Khác')
insert into STATUS values (N'AVL1_CD1_hong',    N'AVL1_CD1', N'Bị hỏng')
insert into STATUS values (N'AVL1_CD1_khac',    N'AVL1_CD1', N'Khác')
insert into STATUS values (N'AVL1_CD2_hong',    N'AVL1_CD2', N'Bị hỏng')
insert into STATUS values (N'AVL1_CD2_khac',    N'AVL1_CD2', N'Khác')
insert into STATUS values (N'AVL1_CS1_hong',    N'AVL1_CS1', N'Bị hỏng')
insert into STATUS values (N'AVL1_CS1_khac',    N'AVL1_CS1', N'Khác')
insert into STATUS values (N'AVL1_CS2_hong',    N'AVL1_CS2', N'Bị hỏng')
insert into STATUS values (N'AVL1_CS2_khac',    N'AVL1_CS2', N'Khác')

----------------------------------------------------------------------------------------------------------------------

insert into ROOM values (N'AVL2', N'A', N'Phòng học')

insert into EQUIPMENT values (N'AVL2_D1', N'AVL2', N'Đèn 1', '2021-01-01', N'Rạng Đông')
insert into EQUIPMENT values (N'AVL2_D2', N'AVL2', N'Đèn 2', '2021-01-01', N'Rạng Đông')
insert into EQUIPMENT values (N'AVL2_BG1', N'AVL2', N'Bàn ghế 1', '2021-02-01', N'Hòa Phát')
insert into EQUIPMENT values (N'AVL2_BG2', N'AVL2', N'Bàn ghế 2', '2017-02-01', N'Hòa Phát')
insert into EQUIPMENT values (N'AVL2_BG3', N'AVL2', N'Bàn ghế 3', '2021-02-01', N'Hòa Phát')
insert into EQUIPMENT values (N'AVL2_BG4', N'AVL2', N'Bàn ghế 4', '2021-02-01', N'Hòa Phát')
insert into EQUIPMENT values (N'AVL2_MC', N'AVL2', N'Máy chiếu', '2018-01-23', N'Sony')
insert into EQUIPMENT values (N'AVL2_Q1', N'AVL2', N'Quạt 1', '2021-01-23', N'Panasonic')
insert into EQUIPMENT values (N'AVL2_Q2', N'AVL2', N'Quạt 2', '2021-03-23', N'Panasonic')
insert into EQUIPMENT values (N'AVL2_DH1', N'AVL2', N'Điều hòa 1', '2021-01-23', N'Panasonic')
insert into EQUIPMENT values (N'AVL2_DH2', N'AVL2', N'Điều hòa 2', '2021-02-23', N'Panasonic')
insert into EQUIPMENT values (N'AVL2_CD1', N'AVL2', N'Cửa đi 1', '2021-01-23', N'Nhật Nguyên')
insert into EQUIPMENT values (N'AVL2_CD2', N'AVL2', N'Cửa đi 2', '2021-01-25', N'Nhật Nguyên')
insert into EQUIPMENT values (N'AVL2_CS1', N'AVL2', N'Cửa sổ 1', '2021-01-23', N'Nhật Nguyên')
insert into EQUIPMENT values (N'AVL2_CS2', N'AVL2', N'Cửa sổ 2', '2021-01-26', N'Nhật Nguyên')

insert into STATUS values (N'AVL2_D1_khongSang',N'AVL2_D1', N'Không sáng')
insert into STATUS values (N'AVL2_D1_khac',     N'AVL2_D1', N'Khác')
insert into STATUS values (N'AVL2_D2_khongSang',N'AVL2_D2', N'Không sáng')
insert into STATUS values (N'AVL2_D2_khac',     N'AVL2_D2', N'Khác')
insert into STATUS values (N'AVL2_BG1_hong',    N'AVL2_BG1', N'Bị hỏng')
insert into STATUS values (N'AVL2_BG1_khac',    N'AVL2_BG1', N'Khác')
insert into STATUS values (N'AVL2_BG2_hong',    N'AVL2_BG2', N'Bị hỏng')
insert into STATUS values (N'AVL2_BG2_khac',    N'AVL2_BG2', N'Khác')
insert into STATUS values (N'AVL2_BG3_hong',    N'AVL2_BG3', N'Bị hỏng')
insert into STATUS values (N'AVL2_BG3_khac',    N'AVL2_BG3', N'Khác')
insert into STATUS values (N'AVL2_BG4_hong',    N'AVL2_BG4', N'Bị hỏng')
insert into STATUS values (N'AVL2_BG4_khac',    N'AVL2_BG4', N'Khác')
insert into STATUS values (N'AVL2_MC_mo',       N'AVL2_MC', N'Quá mờ')
insert into STATUS values (N'AVL2_MC_khongBT',  N'AVL2_MC', N'Hoạt động không bình thường')
insert into STATUS values (N'AVL2_MC_khac',     N'AVL2_MC', N'Khác')
insert into STATUS values (N'AVL2_Q1_khongBT',  N'AVL2_Q1', N'Chạy không bình thường')
insert into STATUS values (N'AVL2_Q1_khongHD',  N'AVL2_Q1', N'Không hoạt động')
insert into STATUS values (N'AVL2_Q1_khac',     N'AVL2_Q1', N'Khác')
insert into STATUS values (N'AVL2_Q2_khongBT',  N'AVL2_Q2', N'Chạy không bình thường')
insert into STATUS values (N'AVL2_Q2_khongHD',  N'AVL2_Q2', N'Không hoạt động')
insert into STATUS values (N'AVL2_Q2_khac',     N'AVL2_Q2', N'Khác')
insert into STATUS values (N'AVL2_DH1_khongBT', N'AVL2_DH1', N'Chạy không bình thường')
insert into STATUS values (N'AVL2_DH1_khongHD', N'AVL2_DH1', N'Không hoạt động')
insert into STATUS values (N'AVL2_DH1_khac',    N'AVL2_DH1', N'Khác')
insert into STATUS values (N'AVL2_DH2_khongBT', N'AVL2_DH2', N'Chạy không bình thường')
insert into STATUS values (N'AVL2_DH2_khongHD', N'AVL2_DH2', N'Không hoạt động')
insert into STATUS values (N'AVL2_DH2_khac',    N'AVL2_DH2', N'Khác')
insert into STATUS values (N'AVL2_CD1_hong',    N'AVL2_CD1', N'Bị hỏng')
insert into STATUS values (N'AVL2_CD1_khac',    N'AVL2_CD1', N'Khác')
insert into STATUS values (N'AVL2_CD2_hong',    N'AVL2_CD2', N'Bị hỏng')
insert into STATUS values (N'AVL2_CD2_khac',    N'AVL2_CD2', N'Khác')
insert into STATUS values (N'AVL2_CS1_hong',    N'AVL2_CS1', N'Bị hỏng')
insert into STATUS values (N'AVL2_CS1_khac',    N'AVL2_CS1', N'Khác')
insert into STATUS values (N'AVL2_CS2_hong',    N'AVL2_CS2', N'Bị hỏng')
insert into STATUS values (N'AVL2_CS2_khac',    N'AVL2_CS2', N'Khác')

----------------------------------------------------------------------------------------------------------------------

insert into ROOM values (N'B109', N'B', N'Phòng học')

insert into EQUIPMENT values (N'B109_D1', N'B109', N'Đèn 1', '2021-01-01', N'Rạng Đông')
insert into EQUIPMENT values (N'B109_D2', N'B109', N'Đèn 2', '2021-01-01', N'Rạng Đông')
insert into EQUIPMENT values (N'B109_BG1', N'B109', N'Bàn ghế 1', '2021-02-01', N'Hòa Phát')
insert into EQUIPMENT values (N'B109_BG2', N'B109', N'Bàn ghế 2', '2021-02-01', N'Hòa Phát')
insert into EQUIPMENT values (N'B109_MC', N'B109', N'Máy chiếu', '2021-01-23', N'Sony')
insert into EQUIPMENT values (N'B109_Q1', N'B109', N'Quạt 1', '2021-01-23', N'Mitsubishi')
insert into EQUIPMENT values (N'B109_Q2', N'B109', N'Quạt 2', '2021-01-23', N'Mitsubishi')
insert into EQUIPMENT values (N'B109_DH1', N'B109', N'Điều hòa 1', '2021-01-23', N'Nagakawa')
insert into EQUIPMENT values (N'B109_DH2', N'B109', N'Điều hòa 2', '2021-01-23', N'Nagakawa')
insert into EQUIPMENT values (N'B109_CD', N'B109', N'Cửa đi', '2021-01-23', N'Nhật Nguyên')
insert into EQUIPMENT values (N'B109_CS1', N'B109', N'Cửa sổ 1', '2021-01-23', N'Nhật Nguyên')
insert into EQUIPMENT values (N'B109_CS2', N'B109', N'Cửa sổ 2', '2021-01-23', N'Nhật Nguyên')

insert into STATUS values (N'B109_D1_khongSang', N'B109_D1', N'Không sáng')
insert into STATUS values (N'B109_D1_khac', N'B109_D1', N'Khác')
insert into STATUS values (N'B109_D2_khongSang', N'B109_D2', N'Không sáng')
insert into STATUS values (N'B109_D2_khac', N'B109_D2', N'Khác')
insert into STATUS values (N'B109_BG1_hong', N'B109_BG1', N'Bị hỏng')
insert into STATUS values (N'B109_BG1_khac', N'B109_BG1', N'Khác')
insert into STATUS values (N'B109_BG2_hong', N'B109_BG2', N'Bị hỏng')
insert into STATUS values (N'B109_BG2_khac', N'B109_BG2', N'Khác')
insert into STATUS values (N'B109_MC_mo', N'B109_MC', N'Quá mờ')
insert into STATUS values (N'B109_MC_khongBT', N'B109_MC', N'Hoạt động không bình thường')
insert into STATUS values (N'B109_MC_khac', N'B109_MC', N'Khác')
insert into STATUS values (N'B109_Q1_khongBT', N'B109_Q1', N'Chạy không bình thường')
insert into STATUS values (N'B109_Q1_khongHD', N'B109_Q1', N'Không hoạt động')
insert into STATUS values (N'B109_Q1_khac', N'B109_Q1', N'Khác')
insert into STATUS values (N'B109_Q2_khongBT', N'B109_Q2', N'Chạy không bình thường')
insert into STATUS values (N'B109_Q2_khongHD', N'B109_Q2', N'Không hoạt động')
insert into STATUS values (N'B109_Q2_khac', N'B109_Q2', N'Khác')
insert into STATUS values (N'B109_DH1_khongBT', N'B109_DH1', N'Chạy không bình thường')
insert into STATUS values (N'B109_DH1_khongHD', N'B109_DH1', N'Không hoạt động')
insert into STATUS values (N'B109_DH1_khac', N'B109_DH1', N'Khác')
insert into STATUS values (N'B109_DH2_khongBT', N'B109_DH2', N'Chạy không bình thường')
insert into STATUS values (N'B109_DH2_khongHD', N'B109_DH2', N'Không hoạt động')
insert into STATUS values (N'B109_DH2_khac', N'B109_DH2', N'Khác')
insert into STATUS values (N'B109_CD_hong', N'B109_CD', N'Bị hỏng')
insert into STATUS values (N'B109_CD_khac', N'B109_CD', N'Khác')
insert into STATUS values (N'B109_CS1_hong', N'B109_CS1', N'Bị hỏng')
insert into STATUS values (N'B109_CS1_khac', N'B109_CS1', N'Khác')
insert into STATUS values (N'B109_CS2_hong', N'B109_CS2', N'Bị hỏng')
insert into STATUS values (N'B109_CS2_khac', N'B109_CS2', N'Khác')

----------------------------------------------------------------------------------------------------------------------

insert into ROOM values (N'B206', N'B', N'Phòng học')

insert into EQUIPMENT values (N'B206_D1', N'B206', N'Đèn 1', '2021-01-01', N'Rạng Đông')
insert into EQUIPMENT values (N'B206_D2', N'B206', N'Đèn 2', '2021-01-01', N'Rạng Đông')
insert into EQUIPMENT values (N'B206_BG1', N'B206', N'Bàn ghế 1', '2021-02-01', N'Hòa Phát')
insert into EQUIPMENT values (N'B206_BG2', N'B206', N'Bàn ghế 2', '2021-02-01', N'Hòa Phát')
insert into EQUIPMENT values (N'B206_MC', N'B206', N'Máy chiếu', '2021-01-23', N'Sony')
insert into EQUIPMENT values (N'B206_Q1', N'B206', N'Quạt 1', '2021-01-23', N'Mitsubishi')
insert into EQUIPMENT values (N'B206_Q2', N'B206', N'Quạt 2', '2021-01-23', N'Mitsubishi')
insert into EQUIPMENT values (N'B206_DH1', N'B206', N'Điều hòa 1', '2021-01-23', N'Nagakawa')
insert into EQUIPMENT values (N'B206_DH2', N'B206', N'Điều hòa 2', '2021-01-23', N'Nagakawa')
insert into EQUIPMENT values (N'B206_CD', N'B206', N'Cửa đi', '2021-01-23', N'Nhật Nguyên')
insert into EQUIPMENT values (N'B206_CS1', N'B206', N'Cửa sổ 1', '2021-01-23', N'Nhật Nguyên')
insert into EQUIPMENT values (N'B206_CS2', N'B206', N'Cửa sổ 2', '2021-01-23', N'Nhật Nguyên')

insert into STATUS values (N'B206_D1_khongSang', N'B206_D1', N'Không sáng')
insert into STATUS values (N'B206_D1_khac',      N'B206_D1', N'Khác')
insert into STATUS values (N'B206_D2_khongSang', N'B206_D2', N'Không sáng')
insert into STATUS values (N'B206_D2_khac',      N'B206_D2', N'Khác')
insert into STATUS values (N'B206_BG1_hong',     N'B206_BG1', N'Bị hỏng')
insert into STATUS values (N'B206_BG1_khac',     N'B206_BG1', N'Khác')
insert into STATUS values (N'B206_BG2_hong',     N'B206_BG2', N'Bị hỏng')
insert into STATUS values (N'B206_BG2_khac',     N'B206_BG2', N'Khác')
insert into STATUS values (N'B206_MC_mo',        N'B206_MC', N'Quá mờ')
insert into STATUS values (N'B206_MC_khongBT',   N'B206_MC', N'Hoạt động không bình thường')
insert into STATUS values (N'B206_MC_khac',      N'B206_MC', N'Khác')
insert into STATUS values (N'B206_Q1_khongBT',   N'B206_Q1', N'Chạy không bình thường')
insert into STATUS values (N'B206_Q1_khongHD',   N'B206_Q1', N'Không hoạt động')
insert into STATUS values (N'B206_Q1_khac',      N'B206_Q1', N'Khác')
insert into STATUS values (N'B206_Q2_khongBT',   N'B206_Q2', N'Chạy không bình thường')
insert into STATUS values (N'B206_Q2_khongHD',   N'B206_Q2', N'Không hoạt động')
insert into STATUS values (N'B206_Q2_khac',      N'B206_Q2', N'Khác')
insert into STATUS values (N'B206_DH1_khongBT',  N'B206_DH1', N'Chạy không bình thường')
insert into STATUS values (N'B206_DH1_khongHD',  N'B206_DH1', N'Không hoạt động')
insert into STATUS values (N'B206_DH1_khac',     N'B206_DH1', N'Khác')
insert into STATUS values (N'B206_DH2_khongBT',  N'B206_DH2', N'Chạy không bình thường')
insert into STATUS values (N'B206_DH2_khongHD',  N'B206_DH2', N'Không hoạt động')
insert into STATUS values (N'B206_DH2_khac',     N'B206_DH2', N'Khác')
insert into STATUS values (N'B206_CD_hong',      N'B206_CD', N'Bị hỏng')
insert into STATUS values (N'B206_CD_khac',      N'B206_CD', N'Khác')
insert into STATUS values (N'B206_CS1_hong',     N'B206_CS1', N'Bị hỏng')
insert into STATUS values (N'B206_CS1_khac',     N'B206_CS1', N'Khác')
insert into STATUS values (N'B206_CS2_hong',     N'B206_CS2', N'Bị hỏng')
insert into STATUS values (N'B206_CS2_khac',     N'B206_CS2', N'Khác')

----------------------------------------------------------------------------------------------------------------------

insert into ROOM values (N'B305', N'B', N'Phòng học')

insert into EQUIPMENT values (N'B305_D1', N'B305', N'Đèn 1', '2021-01-01', N'Rạng Đông')
insert into EQUIPMENT values (N'B305_D2', N'B305', N'Đèn 2', '2021-01-01', N'Rạng Đông')
insert into EQUIPMENT values (N'B305_BG1', N'B305', N'Bàn ghế 1', '2021-02-01', N'Hòa Phát')
insert into EQUIPMENT values (N'B305_BG2', N'B305', N'Bàn ghế 2', '2021-02-01', N'Hòa Phát')
insert into EQUIPMENT values (N'B305_MC', N'B305', N'Máy chiếu', '2021-01-23', N'Sony')
insert into EQUIPMENT values (N'B305_Q1', N'B305', N'Quạt 1', '2021-01-23', N'Mitsubishi')
insert into EQUIPMENT values (N'B305_Q2', N'B305', N'Quạt 2', '2021-01-23', N'Mitsubishi')
insert into EQUIPMENT values (N'B305_DH1', N'B305', N'Điều hòa 1', '2021-01-23', N'Nagakawa')
insert into EQUIPMENT values (N'B305_DH2', N'B305', N'Điều hòa 2', '2021-01-23', N'Nagakawa')
insert into EQUIPMENT values (N'B305_CD', N'B305', N'Cửa đi', '2021-01-23', N'Nhật Nguyên')
insert into EQUIPMENT values (N'B305_CS1', N'B305', N'Cửa sổ 1', '2021-01-23', N'Nhật Nguyên')
insert into EQUIPMENT values (N'B305_CS2', N'B305', N'Cửa sổ 2', '2021-01-23', N'Nhật Nguyên')

insert into STATUS values (N'B305_D1_khongSang', N'B305_D1', N'Không sáng')
insert into STATUS values (N'B305_D1_khac',      N'B305_D1', N'Khác')
insert into STATUS values (N'B305_D2_khongSang', N'B305_D2', N'Không sáng')
insert into STATUS values (N'B305_D2_khac',      N'B305_D2', N'Khác')
insert into STATUS values (N'B305_BG1_hong',     N'B305_BG1', N'Bị hỏng')
insert into STATUS values (N'B305_BG1_khac',     N'B305_BG1', N'Khác')
insert into STATUS values (N'B305_BG2_hong',     N'B305_BG2', N'Bị hỏng')
insert into STATUS values (N'B305_BG2_khac',     N'B305_BG2', N'Khác')
insert into STATUS values (N'B305_MC_mo',        N'B305_MC', N'Quá mờ')
insert into STATUS values (N'B305_MC_khongBT',   N'B305_MC', N'Hoạt động không bình thường')
insert into STATUS values (N'B305_MC_khac',      N'B305_MC', N'Khác')
insert into STATUS values (N'B305_Q1_khongBT',   N'B305_Q1', N'Chạy không bình thường')
insert into STATUS values (N'B305_Q1_khongHD',   N'B305_Q1', N'Không hoạt động')
insert into STATUS values (N'B305_Q1_khac',      N'B305_Q1', N'Khác')
insert into STATUS values (N'B305_Q2_khongBT',   N'B305_Q2', N'Chạy không bình thường')
insert into STATUS values (N'B305_Q2_khongHD',   N'B305_Q2', N'Không hoạt động')
insert into STATUS values (N'B305_Q2_khac',      N'B305_Q2', N'Khác')
insert into STATUS values (N'B305_DH1_khongBT',  N'B305_DH1', N'Chạy không bình thường')
insert into STATUS values (N'B305_DH1_khongHD',  N'B305_DH1', N'Không hoạt động')
insert into STATUS values (N'B305_DH1_khac',     N'B305_DH1', N'Khác')
insert into STATUS values (N'B305_DH2_khongBT',  N'B305_DH2', N'Chạy không bình thường')
insert into STATUS values (N'B305_DH2_khongHD',  N'B305_DH2', N'Không hoạt động')
insert into STATUS values (N'B305_DH2_khac',     N'B305_DH2', N'Khác')
insert into STATUS values (N'B305_CD_hong',      N'B305_CD', N'Bị hỏng')
insert into STATUS values (N'B305_CD_khac',      N'B305_CD', N'Khác')
insert into STATUS values (N'B305_CS1_hong',     N'B305_CS1', N'Bị hỏng')
insert into STATUS values (N'B305_CS1_khac',     N'B305_CS1', N'Khác')
insert into STATUS values (N'B305_CS2_hong',     N'B305_CS2', N'Bị hỏng')
insert into STATUS values (N'B305_CS2_khac',     N'B305_CS2', N'Khác')

----------------------------------------------------------------------------------------------------------------------

insert into ROOM values (N'C107', N'C', N'Phòng học')

insert into EQUIPMENT values (N'C107_D1', N'C107', N'Đèn 1', '2021-01-01', N'Rạng Đông')
insert into EQUIPMENT values (N'C107_D2', N'C107', N'Đèn 2', '2021-01-01', N'Rạng Đông')
insert into EQUIPMENT values (N'C107_BG1', N'C107', N'Bàn ghế 1', '2021-02-01', N'Hòa Phát')
insert into EQUIPMENT values (N'C107_BG2', N'C107', N'Bàn ghế 2', '2021-02-01', N'Hòa Phát')
insert into EQUIPMENT values (N'C107_MC', N'C107', N'Máy chiếu', '2021-01-23', N'Sony')
insert into EQUIPMENT values (N'C107_Q1', N'C107', N'Quạt 1', '2021-01-23', N'Mitsubishi')
insert into EQUIPMENT values (N'C107_Q2', N'C107', N'Quạt 2', '2021-01-23', N'Mitsubishi')
insert into EQUIPMENT values (N'C107_DH1', N'C107', N'Điều hòa 1', '2021-01-23', N'Nagakawa')
insert into EQUIPMENT values (N'C107_DH2', N'C107', N'Điều hòa 2', '2021-01-23', N'Nagakawa')
insert into EQUIPMENT values (N'C107_CD', N'C107', N'Cửa đi', '2021-01-23', N'Nhật Nguyên')
insert into EQUIPMENT values (N'C107_CS1', N'C107', N'Cửa sổ 1', '2021-01-23', N'Nhật Nguyên')
insert into EQUIPMENT values (N'C107_CS2', N'C107', N'Cửa sổ 2', '2021-01-23', N'Nhật Nguyên')

insert into STATUS values (N'C107_D1_khongSang', N'C107_D1', N'Không sáng')
insert into STATUS values (N'C107_D1_khac',      N'C107_D1', N'Khác')
insert into STATUS values (N'C107_D2_khongSang', N'C107_D2', N'Không sáng')
insert into STATUS values (N'C107_D2_khac',      N'C107_D2', N'Khác')
insert into STATUS values (N'C107_BG1_hong',     N'C107_BG1', N'Bị hỏng')
insert into STATUS values (N'C107_BG1_khac',     N'C107_BG1', N'Khác')
insert into STATUS values (N'C107_BG2_hong',     N'C107_BG2', N'Bị hỏng')
insert into STATUS values (N'C107_BG2_khac',     N'C107_BG2', N'Khác')
insert into STATUS values (N'C107_MC_mo',        N'C107_MC', N'Quá mờ')
insert into STATUS values (N'C107_MC_khongBT',   N'C107_MC', N'Hoạt động không bình thường')
insert into STATUS values (N'C107_MC_khac',      N'C107_MC', N'Khác')
insert into STATUS values (N'C107_Q1_khongBT',   N'C107_Q1', N'Chạy không bình thường')
insert into STATUS values (N'C107_Q1_khongHD',   N'C107_Q1', N'Không hoạt động')
insert into STATUS values (N'C107_Q1_khac',      N'C107_Q1', N'Khác')
insert into STATUS values (N'C107_Q2_khongBT',   N'C107_Q2', N'Chạy không bình thường')
insert into STATUS values (N'C107_Q2_khongHD',   N'C107_Q2', N'Không hoạt động')
insert into STATUS values (N'C107_Q2_khac',      N'C107_Q2', N'Khác')
insert into STATUS values (N'C107_DH1_khongBT',  N'C107_DH1', N'Chạy không bình thường')
insert into STATUS values (N'C107_DH1_khongHD',  N'C107_DH1', N'Không hoạt động')
insert into STATUS values (N'C107_DH1_khac',     N'C107_DH1', N'Khác')
insert into STATUS values (N'C107_DH2_khongBT',  N'C107_DH2', N'Chạy không bình thường')
insert into STATUS values (N'C107_DH2_khongHD',  N'C107_DH2', N'Không hoạt động')
insert into STATUS values (N'C107_DH2_khac',     N'C107_DH2', N'Khác')
insert into STATUS values (N'C107_CD_hong',      N'C107_CD', N'Bị hỏng')
insert into STATUS values (N'C107_CD_khac',      N'C107_CD', N'Khác')
insert into STATUS values (N'C107_CS1_hong',     N'C107_CS1', N'Bị hỏng')
insert into STATUS values (N'C107_CS1_khac',     N'C107_CS1', N'Khác')
insert into STATUS values (N'C107_CS2_hong',     N'C107_CS2', N'Bị hỏng')
insert into STATUS values (N'C107_CS2_khac',     N'C107_CS2', N'Khác')

----------------------------------------------------------------------------------------------------------------------

insert into ROOM values (N'C113', N'C', N'Phòng học')

insert into EQUIPMENT values (N'C113_D1', N'C113', N'Đèn 1', '2021-01-01', N'Rạng Đông')
insert into EQUIPMENT values (N'C113_D2', N'C113', N'Đèn 2', '2021-01-01', N'Rạng Đông')
insert into EQUIPMENT values (N'C113_BG1', N'C113', N'Bàn ghế 1', '2021-02-01', N'Hòa Phát')
insert into EQUIPMENT values (N'C113_BG2', N'C113', N'Bàn ghế 2', '2021-02-01', N'Hòa Phát')
insert into EQUIPMENT values (N'C113_MC', N'C113', N'Máy chiếu', '2021-01-23', N'Sony')
insert into EQUIPMENT values (N'C113_Q1', N'C113', N'Quạt 1', '2021-01-23', N'Mitsubishi')
insert into EQUIPMENT values (N'C113_Q2', N'C113', N'Quạt 2', '2021-01-23', N'Mitsubishi')
insert into EQUIPMENT values (N'C113_DH1', N'C113', N'Điều hòa 1', '2021-01-23', N'Nagakawa')
insert into EQUIPMENT values (N'C113_DH2', N'C113', N'Điều hòa 2', '2021-01-23', N'Nagakawa')
insert into EQUIPMENT values (N'C113_CD', N'C113', N'Cửa đi', '2021-01-23', N'Nhật Nguyên')
insert into EQUIPMENT values (N'C113_CS1', N'C113', N'Cửa sổ 1', '2021-01-23', N'Nhật Nguyên')
insert into EQUIPMENT values (N'C113_CS2', N'C113', N'Cửa sổ 2', '2021-01-23', N'Nhật Nguyên')

insert into STATUS values (N'C113_D1_khongSang', N'C113_D1', N'Không sáng')
insert into STATUS values (N'C113_D1_khac',      N'C113_D1', N'Khác')
insert into STATUS values (N'C113_D2_khongSang', N'C113_D2', N'Không sáng')
insert into STATUS values (N'C113_D2_khac',      N'C113_D2', N'Khác')
insert into STATUS values (N'C113_BG1_hong',     N'C113_BG1', N'Bị hỏng')
insert into STATUS values (N'C113_BG1_khac',     N'C113_BG1', N'Khác')
insert into STATUS values (N'C113_BG2_hong',     N'C113_BG2', N'Bị hỏng')
insert into STATUS values (N'C113_BG2_khac',     N'C113_BG2', N'Khác')
insert into STATUS values (N'C113_MC_mo',        N'C113_MC', N'Quá mờ')
insert into STATUS values (N'C113_MC_khongBT',   N'C113_MC', N'Hoạt động không bình thường')
insert into STATUS values (N'C113_MC_khac',      N'C113_MC', N'Khác')
insert into STATUS values (N'C113_Q1_khongBT',   N'C113_Q1', N'Chạy không bình thường')
insert into STATUS values (N'C113_Q1_khongHD',   N'C113_Q1', N'Không hoạt động')
insert into STATUS values (N'C113_Q1_khac',      N'C113_Q1', N'Khác')
insert into STATUS values (N'C113_Q2_khongBT',   N'C113_Q2', N'Chạy không bình thường')
insert into STATUS values (N'C113_Q2_khongHD',   N'C113_Q2', N'Không hoạt động')
insert into STATUS values (N'C113_Q2_khac',      N'C113_Q2', N'Khác')
insert into STATUS values (N'C113_DH1_khongBT',  N'C113_DH1', N'Chạy không bình thường')
insert into STATUS values (N'C113_DH1_khongHD',  N'C113_DH1', N'Không hoạt động')
insert into STATUS values (N'C113_DH1_khac',     N'C113_DH1', N'Khác')
insert into STATUS values (N'C113_DH2_khongBT',  N'C113_DH2', N'Chạy không bình thường')
insert into STATUS values (N'C113_DH2_khongHD',  N'C113_DH2', N'Không hoạt động')
insert into STATUS values (N'C113_DH2_khac',     N'C113_DH2', N'Khác')
insert into STATUS values (N'C113_CD_hong',      N'C113_CD', N'Bị hỏng')
insert into STATUS values (N'C113_CD_khac',      N'C113_CD', N'Khác')
insert into STATUS values (N'C113_CS1_hong',     N'C113_CS1', N'Bị hỏng')
insert into STATUS values (N'C113_CS1_khac',     N'C113_CS1', N'Khác')
insert into STATUS values (N'C113_CS2_hong',     N'C113_CS2', N'Bị hỏng')
insert into STATUS values (N'C113_CS2_khac',     N'C113_CS2', N'Khác')

----------------------------------------------------------------------------------------------------------------------

insert into ROOM values (N'C213B', N'C', N'Phòng học')

insert into EQUIPMENT values (N'C213B_D1', N'C213B', N'Đèn 1', '2021-01-01', N'Rạng Đông')
insert into EQUIPMENT values (N'C213B_D2', N'C213B', N'Đèn 2', '2021-01-01', N'Rạng Đông')
insert into EQUIPMENT values (N'C213B_BG1', N'C213B', N'Bàn ghế 1', '2021-02-01', N'Hòa Phát')
insert into EQUIPMENT values (N'C213B_BG2', N'C213B', N'Bàn ghế 2', '2021-02-01', N'Hòa Phát')
insert into EQUIPMENT values (N'C213B_MC', N'C213B', N'Máy chiếu', '2021-01-23', N'Sony')
insert into EQUIPMENT values (N'C213B_Q1', N'C213B', N'Quạt 1', '2021-01-23', N'Mitsubishi')
insert into EQUIPMENT values (N'C213B_Q2', N'C213B', N'Quạt 2', '2021-01-23', N'Mitsubishi')
insert into EQUIPMENT values (N'C213B_DH1', N'C213B', N'Điều hòa 1', '2021-01-23', N'Nagakawa')
insert into EQUIPMENT values (N'C213B_DH2', N'C213B', N'Điều hòa 2', '2021-01-23', N'Nagakawa')
insert into EQUIPMENT values (N'C213B_CD', N'C213B', N'Cửa đi', '2021-01-23', N'Nhật Nguyên')
insert into EQUIPMENT values (N'C213B_CS1', N'C213B', N'Cửa sổ 1', '2021-01-23', N'Nhật Nguyên')
insert into EQUIPMENT values (N'C213B_CS2', N'C213B', N'Cửa sổ 2', '2021-01-23', N'Nhật Nguyên')

insert into STATUS values (N'C213B_D1_khongSang', N'C213B_D1', N'Không sáng')
insert into STATUS values (N'C213B_D1_khac',      N'C213B_D1', N'Khác')
insert into STATUS values (N'C213B_D2_khongSang', N'C213B_D2', N'Không sáng')
insert into STATUS values (N'C213B_D2_khac',      N'C213B_D2', N'Khác')
insert into STATUS values (N'C213B_BG1_hong',     N'C213B_BG1', N'Bị hỏng')
insert into STATUS values (N'C213B_BG1_khac',     N'C213B_BG1', N'Khác')
insert into STATUS values (N'C213B_BG2_hong',     N'C213B_BG2', N'Bị hỏng')
insert into STATUS values (N'C213B_BG2_khac',     N'C213B_BG2', N'Khác')
insert into STATUS values (N'C213B_MC_mo',        N'C213B_MC', N'Quá mờ')
insert into STATUS values (N'C213B_MC_khongBT',   N'C213B_MC', N'Hoạt động không bình thường')
insert into STATUS values (N'C213B_MC_khac',      N'C213B_MC', N'Khác')
insert into STATUS values (N'C213B_Q1_khongBT',   N'C213B_Q1', N'Chạy không bình thường')
insert into STATUS values (N'C213B_Q1_khongHD',   N'C213B_Q1', N'Không hoạt động')
insert into STATUS values (N'C213B_Q1_khac',      N'C213B_Q1', N'Khác')
insert into STATUS values (N'C213B_Q2_khongBT',   N'C213B_Q2', N'Chạy không bình thường')
insert into STATUS values (N'C213B_Q2_khongHD',   N'C213B_Q2', N'Không hoạt động')
insert into STATUS values (N'C213B_Q2_khac',      N'C213B_Q2', N'Khác')
insert into STATUS values (N'C213B_DH1_khongBT',  N'C213B_DH1', N'Chạy không bình thường')
insert into STATUS values (N'C213B_DH1_khongHD',  N'C213B_DH1', N'Không hoạt động')
insert into STATUS values (N'C213B_DH1_khac',     N'C213B_DH1', N'Khác')
insert into STATUS values (N'C213B_DH2_khongBT',  N'C213B_DH2', N'Chạy không bình thường')
insert into STATUS values (N'C213B_DH2_khongHD',  N'C213B_DH2', N'Không hoạt động')
insert into STATUS values (N'C213B_DH2_khac',     N'C213B_DH2', N'Khác')
insert into STATUS values (N'C213B_CD_hong',      N'C213B_CD', N'Bị hỏng')
insert into STATUS values (N'C213B_CD_khac',      N'C213B_CD', N'Khác')
insert into STATUS values (N'C213B_CS1_hong',     N'C213B_CS1', N'Bị hỏng')
insert into STATUS values (N'C213B_CS1_khac',     N'C213B_CS1', N'Khác')
insert into STATUS values (N'C213B_CS2_hong',     N'C213B_CS2', N'Bị hỏng')
insert into STATUS values (N'C213B_CS2_khac',     N'C213B_CS2', N'Khác')

----------------------------------------------------------------------------------------------------------------------

insert into ROOM values (N'C304', N'C', N'Phòng học')

insert into EQUIPMENT values (N'C304_D1', N'C304', N'Đèn 1', '2021-01-01', N'Rạng Đông')
insert into EQUIPMENT values (N'C304_D2', N'C304', N'Đèn 2', '2021-01-01', N'Rạng Đông')
insert into EQUIPMENT values (N'C304_BG1', N'C304', N'Bàn ghế 1', '2021-02-01', N'Hòa Phát')
insert into EQUIPMENT values (N'C304_BG2', N'C304', N'Bàn ghế 2', '2021-02-01', N'Hòa Phát')
insert into EQUIPMENT values (N'C304_MC', N'C304', N'Máy chiếu', '2021-01-23', N'Sony')
insert into EQUIPMENT values (N'C304_Q1', N'C304', N'Quạt 1', '2021-01-23', N'Mitsubishi')
insert into EQUIPMENT values (N'C304_Q2', N'C304', N'Quạt 2', '2021-01-23', N'Mitsubishi')
insert into EQUIPMENT values (N'C304_DH1', N'C304', N'Điều hòa 1', '2021-01-23', N'Nagakawa')
insert into EQUIPMENT values (N'C304_DH2', N'C304', N'Điều hòa 2', '2021-01-23', N'Nagakawa')
insert into EQUIPMENT values (N'C304_CD', N'C304', N'Cửa đi', '2021-01-23', N'Nhật Nguyên')
insert into EQUIPMENT values (N'C304_CS1', N'C304', N'Cửa sổ 1', '2021-01-23', N'Nhật Nguyên')
insert into EQUIPMENT values (N'C304_CS2', N'C304', N'Cửa sổ 2', '2021-01-23', N'Nhật Nguyên')

insert into STATUS values (N'C304_D1_khongSang', N'C304_D1', N'Không sáng')
insert into STATUS values (N'C304_D1_khac',      N'C304_D1', N'Khác')
insert into STATUS values (N'C304_D2_khongSang', N'C304_D2', N'Không sáng')
insert into STATUS values (N'C304_D2_khac',      N'C304_D2', N'Khác')
insert into STATUS values (N'C304_BG1_hong',     N'C304_BG1', N'Bị hỏng')
insert into STATUS values (N'C304_BG1_khac',     N'C304_BG1', N'Khác')
insert into STATUS values (N'C304_BG2_hong',     N'C304_BG2', N'Bị hỏng')
insert into STATUS values (N'C304_BG2_khac',     N'C304_BG2', N'Khác')
insert into STATUS values (N'C304_MC_mo',        N'C304_MC', N'Quá mờ')
insert into STATUS values (N'C304_MC_khongBT',   N'C304_MC', N'Hoạt động không bình thường')
insert into STATUS values (N'C304_MC_khac',      N'C304_MC', N'Khác')
insert into STATUS values (N'C304_Q1_khongBT',   N'C304_Q1', N'Chạy không bình thường')
insert into STATUS values (N'C304_Q1_khongHD',   N'C304_Q1', N'Không hoạt động')
insert into STATUS values (N'C304_Q1_khac',      N'C304_Q1', N'Khác')
insert into STATUS values (N'C304_Q2_khongBT',   N'C304_Q2', N'Chạy không bình thường')
insert into STATUS values (N'C304_Q2_khongHD',   N'C304_Q2', N'Không hoạt động')
insert into STATUS values (N'C304_Q2_khac',      N'C304_Q2', N'Khác')
insert into STATUS values (N'C304_DH1_khongBT',  N'C304_DH1', N'Chạy không bình thường')
insert into STATUS values (N'C304_DH1_khongHD',  N'C304_DH1', N'Không hoạt động')
insert into STATUS values (N'C304_DH1_khac',     N'C304_DH1', N'Khác')
insert into STATUS values (N'C304_DH2_khongBT',  N'C304_DH2', N'Chạy không bình thường')
insert into STATUS values (N'C304_DH2_khongHD',  N'C304_DH2', N'Không hoạt động')
insert into STATUS values (N'C304_DH2_khac',     N'C304_DH2', N'Khác')
insert into STATUS values (N'C304_CD_hong',      N'C304_CD', N'Bị hỏng')
insert into STATUS values (N'C304_CD_khac',      N'C304_CD', N'Khác')
insert into STATUS values (N'C304_CS1_hong',     N'C304_CS1', N'Bị hỏng')
insert into STATUS values (N'C304_CS1_khac',     N'C304_CS1', N'Khác')
insert into STATUS values (N'C304_CS2_hong',     N'C304_CS2', N'Bị hỏng')
insert into STATUS values (N'C304_CS2_khac',     N'C304_CS2', N'Khác')

----------------------------------------------------------------------------------------------------------------------

insert into ROOM values (N'D111', N'D', N'Phòng học')

insert into EQUIPMENT values (N'D111_D1', N'D111', N'Đèn 1', '2021-01-01', N'Rạng Đông')
insert into EQUIPMENT values (N'D111_D2', N'D111', N'Đèn 2', '2021-01-01', N'Rạng Đông')
insert into EQUIPMENT values (N'D111_BG1', N'D111', N'Bàn ghế 1', '2021-02-01', N'Hòa Nhân')
insert into EQUIPMENT values (N'D111_BG2', N'D111', N'Bàn ghế 2', '2021-02-01', N'Hòa Nhân')
insert into EQUIPMENT values (N'D111_MC', N'D111', N'Máy chiếu', '2021-01-23', N'Sony')
insert into EQUIPMENT values (N'D111_Q1', N'D111', N'Quạt 1', '2021-01-23', N'Mitsubishi')
insert into EQUIPMENT values (N'D111_Q2', N'D111', N'Quạt 2', '2021-01-23', N'Mitsubishi')
insert into EQUIPMENT values (N'D111_DH1', N'D111', N'Điều hòa 1', '2021-01-23', N'Nagakawa')
insert into EQUIPMENT values (N'D111_DH2', N'D111', N'Điều hòa 2', '2021-01-23', N'Nagakawa')
insert into EQUIPMENT values (N'D111_CD', N'D111', N'Cửa đi', '2021-01-23', N'Hòa Nhân')
insert into EQUIPMENT values (N'D111_CS1', N'D111', N'Cửa sổ 1', '2021-01-23', N'Trung Hòa')
insert into EQUIPMENT values (N'D111_CS2', N'D111', N'Cửa sổ 2', '2021-01-23', N'Trung Hòa')

insert into STATUS values (N'D111_D1_khongSang', N'D111_D1', N'Không sáng')
insert into STATUS values (N'D111_D1_khac',      N'D111_D1', N'Khác')
insert into STATUS values (N'D111_D2_khongSang', N'D111_D2', N'Không sáng')
insert into STATUS values (N'D111_D2_khac',      N'D111_D2', N'Khác')
insert into STATUS values (N'D111_BG1_hong',     N'D111_BG1', N'Bị hỏng')
insert into STATUS values (N'D111_BG1_khac',     N'D111_BG1', N'Khác')
insert into STATUS values (N'D111_BG2_hong',     N'D111_BG2', N'Bị hỏng')
insert into STATUS values (N'D111_BG2_khac',     N'D111_BG2', N'Khác')
insert into STATUS values (N'D111_MC_mo',        N'D111_MC', N'Quá mờ')
insert into STATUS values (N'D111_MC_khongBT',   N'D111_MC', N'Hoạt động không bình thường')
insert into STATUS values (N'D111_MC_khac',      N'D111_MC', N'Khác')
insert into STATUS values (N'D111_Q1_khongBT',   N'D111_Q1', N'Chạy không bình thường')
insert into STATUS values (N'D111_Q1_khongHD',   N'D111_Q1', N'Không hoạt động')
insert into STATUS values (N'D111_Q1_khac',      N'D111_Q1', N'Khác')
insert into STATUS values (N'D111_Q2_khongBT',   N'D111_Q2', N'Chạy không bình thường')
insert into STATUS values (N'D111_Q2_khongHD',   N'D111_Q2', N'Không hoạt động')
insert into STATUS values (N'D111_Q2_khac',      N'D111_Q2', N'Khác')
insert into STATUS values (N'D111_DH1_khongBT',  N'D111_DH1', N'Chạy không bình thường')
insert into STATUS values (N'D111_DH1_khongHD',  N'D111_DH1', N'Không hoạt động')
insert into STATUS values (N'D111_DH1_khac',     N'D111_DH1', N'Khác')
insert into STATUS values (N'D111_DH2_khongBT',  N'D111_DH2', N'Chạy không bình thường')
insert into STATUS values (N'D111_DH2_khongHD',  N'D111_DH2', N'Không hoạt động')
insert into STATUS values (N'D111_DH2_khac',     N'D111_DH2', N'Khác')
insert into STATUS values (N'D111_CD_hong',      N'D111_CD', N'Bị hỏng')
insert into STATUS values (N'D111_CD_khac',      N'D111_CD', N'Khác')
insert into STATUS values (N'D111_CS1_hong',     N'D111_CS1', N'Bị hỏng')
insert into STATUS values (N'D111_CS1_khac',     N'D111_CS1', N'Khác')
insert into STATUS values (N'D111_CS2_hong',     N'D111_CS2', N'Bị hỏng')
insert into STATUS values (N'D111_CS2_khac',     N'D111_CS2', N'Khác')

----------------------------------------------------------------------------------------------------------------------

insert into ROOM values (N'D215', N'D', N'Phòng học')

insert into EQUIPMENT values (N'D215_D1', N'D215', N'Đèn 1', '2021-01-01', N'Rạng Đông')
insert into EQUIPMENT values (N'D215_D2', N'D215', N'Đèn 2', '2021-01-01', N'Rạng Đông')
insert into EQUIPMENT values (N'D215_BG1', N'D215', N'Bàn ghế 1', '2021-02-01', N'Hòa Nhân')
insert into EQUIPMENT values (N'D215_BG2', N'D215', N'Bàn ghế 2', '2021-02-01', N'Hòa Nhân')
insert into EQUIPMENT values (N'D215_MC', N'D215', N'Máy chiếu', '2021-01-23', N'Sony')
insert into EQUIPMENT values (N'D215_Q1', N'D215', N'Quạt 1', '2021-01-23', N'Mitsubishi')
insert into EQUIPMENT values (N'D215_Q2', N'D215', N'Quạt 2', '2021-01-23', N'Mitsubishi')
insert into EQUIPMENT values (N'D215_DH1', N'D215', N'Điều hòa 1', '2021-01-23', N'Nagakawa')
insert into EQUIPMENT values (N'D215_DH2', N'D215', N'Điều hòa 2', '2021-01-23', N'Nagakawa')
insert into EQUIPMENT values (N'D215_CD', N'D215', N'Cửa đi', '2021-01-23', N'Hòa Nhân')
insert into EQUIPMENT values (N'D215_CS1', N'D215', N'Cửa sổ 1', '2021-01-23', N'Trung Hòa')
insert into EQUIPMENT values (N'D215_CS2', N'D215', N'Cửa sổ 2', '2021-01-23', N'Trung Hòa')

insert into STATUS values (N'D215_D1_khongSang', N'D215_D1', N'Không sáng')
insert into STATUS values (N'D215_D1_khac',      N'D215_D1', N'Khác')
insert into STATUS values (N'D215_D2_khongSang', N'D215_D2', N'Không sáng')
insert into STATUS values (N'D215_D2_khac',      N'D215_D2', N'Khác')
insert into STATUS values (N'D215_BG1_hong',     N'D215_BG1', N'Bị hỏng')
insert into STATUS values (N'D215_BG1_khac',     N'D215_BG1', N'Khác')
insert into STATUS values (N'D215_BG2_hong',     N'D215_BG2', N'Bị hỏng')
insert into STATUS values (N'D215_BG2_khac',     N'D215_BG2', N'Khác')
insert into STATUS values (N'D215_MC_mo',        N'D215_MC', N'Quá mờ')
insert into STATUS values (N'D215_MC_khongBT',   N'D215_MC', N'Hoạt động không bình thường')
insert into STATUS values (N'D215_MC_khac',      N'D215_MC', N'Khác')
insert into STATUS values (N'D215_Q1_khongBT',   N'D215_Q1', N'Chạy không bình thường')
insert into STATUS values (N'D215_Q1_khongHD',   N'D215_Q1', N'Không hoạt động')
insert into STATUS values (N'D215_Q1_khac',      N'D215_Q1', N'Khác')
insert into STATUS values (N'D215_Q2_khongBT',   N'D215_Q2', N'Chạy không bình thường')
insert into STATUS values (N'D215_Q2_khongHD',   N'D215_Q2', N'Không hoạt động')
insert into STATUS values (N'D215_Q2_khac',      N'D215_Q2', N'Khác')
insert into STATUS values (N'D215_DH1_khongBT',  N'D215_DH1', N'Chạy không bình thường')
insert into STATUS values (N'D215_DH1_khongHD',  N'D215_DH1', N'Không hoạt động')
insert into STATUS values (N'D215_DH1_khac',     N'D215_DH1', N'Khác')
insert into STATUS values (N'D215_DH2_khongBT',  N'D215_DH2', N'Chạy không bình thường')
insert into STATUS values (N'D215_DH2_khongHD',  N'D215_DH2', N'Không hoạt động')
insert into STATUS values (N'D215_DH2_khac',     N'D215_DH2', N'Khác')
insert into STATUS values (N'D215_CD_hong',      N'D215_CD', N'Bị hỏng')
insert into STATUS values (N'D215_CD_khac',      N'D215_CD', N'Khác')
insert into STATUS values (N'D215_CS1_hong',     N'D215_CS1', N'Bị hỏng')
insert into STATUS values (N'D215_CS1_khac',     N'D215_CS1', N'Khác')
insert into STATUS values (N'D215_CS2_hong',     N'D215_CS2', N'Bị hỏng')
insert into STATUS values (N'D215_CS2_khac',     N'D215_CS2', N'Khác')

----------------------------------------------------------------------------------------------------------------------

insert into ROOM values (N'E110A', N'E', N'Phòng học')

insert into EQUIPMENT values (N'E110A_D1', N'E110A', N'Đèn 1', '2021-01-01', N'Rạng Đông')
insert into EQUIPMENT values (N'E110A_D2', N'E110A', N'Đèn 2', '2021-01-01', N'Rạng Đông')
insert into EQUIPMENT values (N'E110A_BG1', N'E110A', N'Bàn ghế 1', '2021-02-01', N'Hòa Nhân')
insert into EQUIPMENT values (N'E110A_BG2', N'E110A', N'Bàn ghế 2', '2021-02-01', N'Hòa Nhân')
insert into EQUIPMENT values (N'E110A_MC', N'E110A', N'Máy chiếu', '2021-01-23', N'Sony')
insert into EQUIPMENT values (N'E110A_Q1', N'E110A', N'Quạt 1', '2021-01-23', N'Mitsubishi')
insert into EQUIPMENT values (N'E110A_Q2', N'E110A', N'Quạt 2', '2021-01-23', N'Mitsubishi')
insert into EQUIPMENT values (N'E110A_DH1', N'E110A', N'Điều hòa 1', '2021-01-23', N'Nagakawa')
insert into EQUIPMENT values (N'E110A_DH2', N'E110A', N'Điều hòa 2', '2021-01-23', N'Nagakawa')
insert into EQUIPMENT values (N'E110A_CD', N'E110A', N'Cửa đi', '2021-01-23', N'Hòa Nhân')
insert into EQUIPMENT values (N'E110A_CS1', N'E110A', N'Cửa sổ 1', '2021-01-23', N'Trung Hòa')
insert into EQUIPMENT values (N'E110A_CS2', N'E110A', N'Cửa sổ 2', '2021-01-23', N'Trung Hòa')

insert into STATUS values (N'E110A_D1_khongSang', N'E110A_D1', N'Không sáng')
insert into STATUS values (N'E110A_D1_khac',      N'E110A_D1', N'Khác')
insert into STATUS values (N'E110A_D2_khongSang', N'E110A_D2', N'Không sáng')
insert into STATUS values (N'E110A_D2_khac',      N'E110A_D2', N'Khác')
insert into STATUS values (N'E110A_BG1_hong',     N'E110A_BG1', N'Bị hỏng')
insert into STATUS values (N'E110A_BG1_khac',     N'E110A_BG1', N'Khác')
insert into STATUS values (N'E110A_BG2_hong',     N'E110A_BG2', N'Bị hỏng')
insert into STATUS values (N'E110A_BG2_khac',     N'E110A_BG2', N'Khác')
insert into STATUS values (N'E110A_MC_mo',        N'E110A_MC', N'Quá mờ')
insert into STATUS values (N'E110A_MC_khongBT',   N'E110A_MC', N'Hoạt động không bình thường')
insert into STATUS values (N'E110A_MC_khac',      N'E110A_MC', N'Khác')
insert into STATUS values (N'E110A_Q1_khongBT',   N'E110A_Q1', N'Chạy không bình thường')
insert into STATUS values (N'E110A_Q1_khongHD',   N'E110A_Q1', N'Không hoạt động')
insert into STATUS values (N'E110A_Q1_khac',      N'E110A_Q1', N'Khác')
insert into STATUS values (N'E110A_Q2_khongBT',   N'E110A_Q2', N'Chạy không bình thường')
insert into STATUS values (N'E110A_Q2_khongHD',   N'E110A_Q2', N'Không hoạt động')
insert into STATUS values (N'E110A_Q2_khac',      N'E110A_Q2', N'Khác')
insert into STATUS values (N'E110A_DH1_khongBT',  N'E110A_DH1', N'Chạy không bình thường')
insert into STATUS values (N'E110A_DH1_khongHD',  N'E110A_DH1', N'Không hoạt động')
insert into STATUS values (N'E110A_DH1_khac',     N'E110A_DH1', N'Khác')
insert into STATUS values (N'E110A_DH2_khongBT',  N'E110A_DH2', N'Chạy không bình thường')
insert into STATUS values (N'E110A_DH2_khongHD',  N'E110A_DH2', N'Không hoạt động')
insert into STATUS values (N'E110A_DH2_khac',     N'E110A_DH2', N'Khác')
insert into STATUS values (N'E110A_CD_hong',      N'E110A_CD', N'Bị hỏng')
insert into STATUS values (N'E110A_CD_khac',      N'E110A_CD', N'Khác')
insert into STATUS values (N'E110A_CS1_hong',     N'E110A_CS1', N'Bị hỏng')
insert into STATUS values (N'E110A_CS1_khac',     N'E110A_CS1', N'Khác')
insert into STATUS values (N'E110A_CS2_hong',     N'E110A_CS2', N'Bị hỏng')
insert into STATUS values (N'E110A_CS2_khac',     N'E110A_CS2', N'Khác')

----------------------------------------------------------------------------------------------------------------------

insert into ROOM values (N'E110B', N'E', N'Phòng học')

insert into EQUIPMENT values (N'E110B_D1', N'E110B', N'Đèn 1', '2021-01-01', N'Rạng Đông')
insert into EQUIPMENT values (N'E110B_D2', N'E110B', N'Đèn 2', '2021-01-01', N'Rạng Đông')
insert into EQUIPMENT values (N'E110B_BG1', N'E110B', N'Bàn ghế 1', '2021-02-01', N'Hòa Nhân')
insert into EQUIPMENT values (N'E110B_BG2', N'E110B', N'Bàn ghế 2', '2021-02-01', N'Hòa Nhân')
insert into EQUIPMENT values (N'E110B_MC', N'E110B', N'Máy chiếu', '2021-01-23', N'Sony')
insert into EQUIPMENT values (N'E110B_Q1', N'E110B', N'Quạt 1', '2021-01-23', N'Mitsubishi')
insert into EQUIPMENT values (N'E110B_Q2', N'E110B', N'Quạt 2', '2021-01-23', N'Mitsubishi')
insert into EQUIPMENT values (N'E110B_DH1', N'E110B', N'Điều hòa 1', '2021-01-23', N'Nagakawa')
insert into EQUIPMENT values (N'E110B_DH2', N'E110B', N'Điều hòa 2', '2021-01-23', N'Nagakawa')
insert into EQUIPMENT values (N'E110B_CD', N'E110B', N'Cửa đi', '2021-01-23', N'Hòa Nhân')
insert into EQUIPMENT values (N'E110B_CS1', N'E110B', N'Cửa sổ 1', '2021-01-23', N'Trung Hòa')
insert into EQUIPMENT values (N'E110B_CS2', N'E110B', N'Cửa sổ 2', '2021-01-23', N'Trung Hòa')

insert into STATUS values (N'E110B_D1_khongSang', N'E110B_D1', N'Không sáng')
insert into STATUS values (N'E110B_D1_khac',      N'E110B_D1', N'Khác')
insert into STATUS values (N'E110B_D2_khongSang', N'E110B_D2', N'Không sáng')
insert into STATUS values (N'E110B_D2_khac',      N'E110B_D2', N'Khác')
insert into STATUS values (N'E110B_BG1_hong',     N'E110B_BG1', N'Bị hỏng')
insert into STATUS values (N'E110B_BG1_khac',     N'E110B_BG1', N'Khác')
insert into STATUS values (N'E110B_BG2_hong',     N'E110B_BG2', N'Bị hỏng')
insert into STATUS values (N'E110B_BG2_khac',     N'E110B_BG2', N'Khác')
insert into STATUS values (N'E110B_MC_mo',        N'E110B_MC', N'Quá mờ')
insert into STATUS values (N'E110B_MC_khongBT',   N'E110B_MC', N'Hoạt động không bình thường')
insert into STATUS values (N'E110B_MC_khac',      N'E110B_MC', N'Khác')
insert into STATUS values (N'E110B_Q1_khongBT',   N'E110B_Q1', N'Chạy không bình thường')
insert into STATUS values (N'E110B_Q1_khongHD',   N'E110B_Q1', N'Không hoạt động')
insert into STATUS values (N'E110B_Q1_khac',      N'E110B_Q1', N'Khác')
insert into STATUS values (N'E110B_Q2_khongBT',   N'E110B_Q2', N'Chạy không bình thường')
insert into STATUS values (N'E110B_Q2_khongHD',   N'E110B_Q2', N'Không hoạt động')
insert into STATUS values (N'E110B_Q2_khac',      N'E110B_Q2', N'Khác')
insert into STATUS values (N'E110B_DH1_khongBT',  N'E110B_DH1', N'Chạy không bình thường')
insert into STATUS values (N'E110B_DH1_khongHD',  N'E110B_DH1', N'Không hoạt động')
insert into STATUS values (N'E110B_DH1_khac',     N'E110B_DH1', N'Khác')
insert into STATUS values (N'E110B_DH2_khongBT',  N'E110B_DH2', N'Chạy không bình thường')
insert into STATUS values (N'E110B_DH2_khongHD',  N'E110B_DH2', N'Không hoạt động')
insert into STATUS values (N'E110B_DH2_khac',     N'E110B_DH2', N'Khác')
insert into STATUS values (N'E110B_CD_hong',      N'E110B_CD', N'Bị hỏng')
insert into STATUS values (N'E110B_CD_khac',      N'E110B_CD', N'Khác')
insert into STATUS values (N'E110B_CS1_hong',     N'E110B_CS1', N'Bị hỏng')
insert into STATUS values (N'E110B_CS1_khac',     N'E110B_CS1', N'Khác')
insert into STATUS values (N'E110B_CS2_hong',     N'E110B_CS2', N'Bị hỏng')
insert into STATUS values (N'E110B_CS2_khac',     N'E110B_CS2', N'Khác')

----------------------------------------------------------------------------------------------------------------------

insert into ROOM values (N'E406', N'E', N'Phòng học')

insert into EQUIPMENT values (N'E406_D1', N'E406', N'Đèn 1', '2021-01-01', N'Rạng Đông')
insert into EQUIPMENT values (N'E406_D2', N'E406', N'Đèn 2', '2021-01-01', N'Rạng Đông')
insert into EQUIPMENT values (N'E406_BG1', N'E406', N'Bàn ghế 1', '2021-02-01', N'Hòa Nhân')
insert into EQUIPMENT values (N'E406_BG2', N'E406', N'Bàn ghế 2', '2021-02-01', N'Hòa Nhân')
insert into EQUIPMENT values (N'E406_MC', N'E406', N'Máy chiếu', '2021-01-23', N'Sony')
insert into EQUIPMENT values (N'E406_Q1', N'E406', N'Quạt 1', '2021-01-23', N'Mitsubishi')
insert into EQUIPMENT values (N'E406_Q2', N'E406', N'Quạt 2', '2021-01-23', N'Mitsubishi')
insert into EQUIPMENT values (N'E406_DH1', N'E406', N'Điều hòa 1', '2021-01-23', N'Nagakawa')
insert into EQUIPMENT values (N'E406_DH2', N'E406', N'Điều hòa 2', '2021-01-23', N'Nagakawa')
insert into EQUIPMENT values (N'E406_CD', N'E406', N'Cửa đi', '2021-01-23', N'Hòa Nhân')
insert into EQUIPMENT values (N'E406_CS1', N'E406', N'Cửa sổ 1', '2021-01-23', N'Trung Hòa')
insert into EQUIPMENT values (N'E406_CS2', N'E406', N'Cửa sổ 2', '2021-01-23', N'Trung Hòa')

insert into STATUS values (N'E406_D1_khongSang', N'E406_D1', N'Không sáng')
insert into STATUS values (N'E406_D1_khac',      N'E406_D1', N'Khác')
insert into STATUS values (N'E406_D2_khongSang', N'E406_D2', N'Không sáng')
insert into STATUS values (N'E406_D2_khac',      N'E406_D2', N'Khác')
insert into STATUS values (N'E406_BG1_hong',     N'E406_BG1', N'Bị hỏng')
insert into STATUS values (N'E406_BG1_khac',     N'E406_BG1', N'Khác')
insert into STATUS values (N'E406_BG2_hong',     N'E406_BG2', N'Bị hỏng')
insert into STATUS values (N'E406_BG2_khac',     N'E406_BG2', N'Khác')
insert into STATUS values (N'E406_MC_mo',        N'E406_MC', N'Quá mờ')
insert into STATUS values (N'E406_MC_khongBT',   N'E406_MC', N'Hoạt động không bình thường')
insert into STATUS values (N'E406_MC_khac',      N'E406_MC', N'Khác')
insert into STATUS values (N'E406_Q1_khongBT',   N'E406_Q1', N'Chạy không bình thường')
insert into STATUS values (N'E406_Q1_khongHD',   N'E406_Q1', N'Không hoạt động')
insert into STATUS values (N'E406_Q1_khac',      N'E406_Q1', N'Khác')
insert into STATUS values (N'E406_Q2_khongBT',   N'E406_Q2', N'Chạy không bình thường')
insert into STATUS values (N'E406_Q2_khongHD',   N'E406_Q2', N'Không hoạt động')
insert into STATUS values (N'E406_Q2_khac',      N'E406_Q2', N'Khác')
insert into STATUS values (N'E406_DH1_khongBT',  N'E406_DH1', N'Chạy không bình thường')
insert into STATUS values (N'E406_DH1_khongHD',  N'E406_DH1', N'Không hoạt động')
insert into STATUS values (N'E406_DH1_khac',     N'E406_DH1', N'Khác')
insert into STATUS values (N'E406_DH2_khongBT',  N'E406_DH2', N'Chạy không bình thường')
insert into STATUS values (N'E406_DH2_khongHD',  N'E406_DH2', N'Không hoạt động')
insert into STATUS values (N'E406_DH2_khac',     N'E406_DH2', N'Khác')
insert into STATUS values (N'E406_CD_hong',      N'E406_CD', N'Bị hỏng')
insert into STATUS values (N'E406_CD_khac',      N'E406_CD', N'Khác')
insert into STATUS values (N'E406_CS1_hong',     N'E406_CS1', N'Bị hỏng')
insert into STATUS values (N'E406_CS1_khac',     N'E406_CS1', N'Khác')
insert into STATUS values (N'E406_CS2_hong',     N'E406_CS2', N'Bị hỏng')
insert into STATUS values (N'E406_CS2_khac',     N'E406_CS2', N'Khác')

----------------------------------------------------------------------------------------------------------------------

insert into ROOM values (N'F110', N'F', N'Phòng học')

insert into EQUIPMENT values (N'F110_D1', N'F110', N'Đèn 1', '2021-01-01', N'Rạng Đông')
insert into EQUIPMENT values (N'F110_D2', N'F110', N'Đèn 2', '2021-01-01', N'Rạng Đông')
insert into EQUIPMENT values (N'F110_BG1', N'F110', N'Bàn ghế 1', '2021-02-01', N'Hòa Nhân')
insert into EQUIPMENT values (N'F110_BG2', N'F110', N'Bàn ghế 2', '2021-02-01', N'Hòa Nhân')
insert into EQUIPMENT values (N'F110_MC', N'F110', N'Máy chiếu', '2021-01-23', N'Sony')
insert into EQUIPMENT values (N'F110_Q1', N'F110', N'Quạt 1', '2021-01-23', N'Mitsubishi')
insert into EQUIPMENT values (N'F110_Q2', N'F110', N'Quạt 2', '2021-01-23', N'Mitsubishi')
insert into EQUIPMENT values (N'F110_DH1', N'F110', N'Điều hòa 1', '2021-01-23', N'Nagakawa')
insert into EQUIPMENT values (N'F110_DH2', N'F110', N'Điều hòa 2', '2021-01-23', N'Nagakawa')
insert into EQUIPMENT values (N'F110_CD', N'F110', N'Cửa đi', '2021-01-23', N'Hòa Nhân')
insert into EQUIPMENT values (N'F110_CS1', N'F110', N'Cửa sổ 1', '2021-01-23', N'Trung Hòa')
insert into EQUIPMENT values (N'F110_CS2', N'F110', N'Cửa sổ 2', '2021-01-23', N'Trung Hòa')

insert into STATUS values (N'F110_D1_khongSang', N'F110_D1', N'Không sáng')
insert into STATUS values (N'F110_D1_khac',      N'F110_D1', N'Khác')
insert into STATUS values (N'F110_D2_khongSang', N'F110_D2', N'Không sáng')
insert into STATUS values (N'F110_D2_khac',      N'F110_D2', N'Khác')
insert into STATUS values (N'F110_BG1_hong',     N'F110_BG1', N'Bị hỏng')
insert into STATUS values (N'F110_BG1_khac',     N'F110_BG1', N'Khác')
insert into STATUS values (N'F110_BG2_hong',     N'F110_BG2', N'Bị hỏng')
insert into STATUS values (N'F110_BG2_khac',     N'F110_BG2', N'Khác')
insert into STATUS values (N'F110_MC_mo',        N'F110_MC', N'Quá mờ')
insert into STATUS values (N'F110_MC_khongBT',   N'F110_MC', N'Hoạt động không bình thường')
insert into STATUS values (N'F110_MC_khac',      N'F110_MC', N'Khác')
insert into STATUS values (N'F110_Q1_khongBT',   N'F110_Q1', N'Chạy không bình thường')
insert into STATUS values (N'F110_Q1_khongHD',   N'F110_Q1', N'Không hoạt động')
insert into STATUS values (N'F110_Q1_khac',      N'F110_Q1', N'Khác')
insert into STATUS values (N'F110_Q2_khongBT',   N'F110_Q2', N'Chạy không bình thường')
insert into STATUS values (N'F110_Q2_khongHD',   N'F110_Q2', N'Không hoạt động')
insert into STATUS values (N'F110_Q2_khac',      N'F110_Q2', N'Khác')
insert into STATUS values (N'F110_DH1_khongBT',  N'F110_DH1', N'Chạy không bình thường')
insert into STATUS values (N'F110_DH1_khongHD',  N'F110_DH1', N'Không hoạt động')
insert into STATUS values (N'F110_DH1_khac',     N'F110_DH1', N'Khác')
insert into STATUS values (N'F110_DH2_khongBT',  N'F110_DH2', N'Chạy không bình thường')
insert into STATUS values (N'F110_DH2_khongHD',  N'F110_DH2', N'Không hoạt động')
insert into STATUS values (N'F110_DH2_khac',     N'F110_DH2', N'Khác')
insert into STATUS values (N'F110_CD_hong',      N'F110_CD', N'Bị hỏng')
insert into STATUS values (N'F110_CD_khac',      N'F110_CD', N'Khác')
insert into STATUS values (N'F110_CS1_hong',     N'F110_CS1', N'Bị hỏng')
insert into STATUS values (N'F110_CS1_khac',     N'F110_CS1', N'Khác')
insert into STATUS values (N'F110_CS2_hong',     N'F110_CS2', N'Bị hỏng')
insert into STATUS values (N'F110_CS2_khac',     N'F110_CS2', N'Khác')

----------------------------------------------------------------------------------------------------------------------

insert into ROOM values (N'F209', N'F', N'Phòng học')

insert into EQUIPMENT values (N'F209_D1', N'F209', N'Đèn 1', '2021-01-01', N'Rạng Đông')
insert into EQUIPMENT values (N'F209_D2', N'F209', N'Đèn 2', '2021-01-01', N'Rạng Đông')
insert into EQUIPMENT values (N'F209_BG1', N'F209', N'Bàn ghế 1', '2021-02-01', N'Hòa Nhân')
insert into EQUIPMENT values (N'F209_BG2', N'F209', N'Bàn ghế 2', '2021-02-01', N'Hòa Nhân')
insert into EQUIPMENT values (N'F209_MC', N'F209', N'Máy chiếu', '2021-01-23', N'Sony')
insert into EQUIPMENT values (N'F209_Q1', N'F209', N'Quạt 1', '2021-01-23', N'Mitsubishi')
insert into EQUIPMENT values (N'F209_Q2', N'F209', N'Quạt 2', '2021-01-23', N'Mitsubishi')
insert into EQUIPMENT values (N'F209_DH1', N'F209', N'Điều hòa 1', '2021-01-23', N'Nagakawa')
insert into EQUIPMENT values (N'F209_DH2', N'F209', N'Điều hòa 2', '2021-01-23', N'Nagakawa')
insert into EQUIPMENT values (N'F209_CD', N'F209', N'Cửa đi', '2021-01-23', N'Hòa Nhân')
insert into EQUIPMENT values (N'F209_CS1', N'F209', N'Cửa sổ 1', '2021-01-23', N'Trung Hòa')
insert into EQUIPMENT values (N'F209_CS2', N'F209', N'Cửa sổ 2', '2021-01-23', N'Trung Hòa')

insert into STATUS values (N'F209_D1_khongSang', N'F209_D1', N'Không sáng')
insert into STATUS values (N'F209_D1_khac',      N'F209_D1', N'Khác')
insert into STATUS values (N'F209_D2_khongSang', N'F209_D2', N'Không sáng')
insert into STATUS values (N'F209_D2_khac',      N'F209_D2', N'Khác')
insert into STATUS values (N'F209_BG1_hong',     N'F209_BG1', N'Bị hỏng')
insert into STATUS values (N'F209_BG1_khac',     N'F209_BG1', N'Khác')
insert into STATUS values (N'F209_BG2_hong',     N'F209_BG2', N'Bị hỏng')
insert into STATUS values (N'F209_BG2_khac',     N'F209_BG2', N'Khác')
insert into STATUS values (N'F209_MC_mo',        N'F209_MC', N'Quá mờ')
insert into STATUS values (N'F209_MC_khongBT',   N'F209_MC', N'Hoạt động không bình thường')
insert into STATUS values (N'F209_MC_khac',      N'F209_MC', N'Khác')
insert into STATUS values (N'F209_Q1_khongBT',   N'F209_Q1', N'Chạy không bình thường')
insert into STATUS values (N'F209_Q1_khongHD',   N'F209_Q1', N'Không hoạt động')
insert into STATUS values (N'F209_Q1_khac',      N'F209_Q1', N'Khác')
insert into STATUS values (N'F209_Q2_khongBT',   N'F209_Q2', N'Chạy không bình thường')
insert into STATUS values (N'F209_Q2_khongHD',   N'F209_Q2', N'Không hoạt động')
insert into STATUS values (N'F209_Q2_khac',      N'F209_Q2', N'Khác')
insert into STATUS values (N'F209_DH1_khongBT',  N'F209_DH1', N'Chạy không bình thường')
insert into STATUS values (N'F209_DH1_khongHD',  N'F209_DH1', N'Không hoạt động')
insert into STATUS values (N'F209_DH1_khac',     N'F209_DH1', N'Khác')
insert into STATUS values (N'F209_DH2_khongBT',  N'F209_DH2', N'Chạy không bình thường')
insert into STATUS values (N'F209_DH2_khongHD',  N'F209_DH2', N'Không hoạt động')
insert into STATUS values (N'F209_DH2_khac',     N'F209_DH2', N'Khác')
insert into STATUS values (N'F209_CD_hong',      N'F209_CD', N'Bị hỏng')
insert into STATUS values (N'F209_CD_khac',      N'F209_CD', N'Khác')
insert into STATUS values (N'F209_CS1_hong',     N'F209_CS1', N'Bị hỏng')
insert into STATUS values (N'F209_CS1_khac',     N'F209_CS1', N'Khác')
insert into STATUS values (N'F209_CS2_hong',     N'F209_CS2', N'Bị hỏng')
insert into STATUS values (N'F209_CS2_khac',     N'F209_CS2', N'Khác')

----------------------------------------------------------------------------------------------------------------------

insert into ROOM values (N'F303', N'F', N'Phòng học')

insert into EQUIPMENT values (N'F303_D1', N'F303', N'Đèn 1', '2021-01-01', N'Rạng Đông')
insert into EQUIPMENT values (N'F303_D2', N'F303', N'Đèn 2', '2021-01-01', N'Rạng Đông')
insert into EQUIPMENT values (N'F303_BG1', N'F303', N'Bàn ghế 1', '2021-02-01', N'Hòa Nhân')
insert into EQUIPMENT values (N'F303_BG2', N'F303', N'Bàn ghế 2', '2021-02-01', N'Hòa Nhân')
insert into EQUIPMENT values (N'F303_MC', N'F303', N'Máy chiếu', '2021-01-23', N'Sony')
insert into EQUIPMENT values (N'F303_Q1', N'F303', N'Quạt 1', '2021-01-23', N'Mitsubishi')
insert into EQUIPMENT values (N'F303_Q2', N'F303', N'Quạt 2', '2021-01-23', N'Mitsubishi')
insert into EQUIPMENT values (N'F303_DH1', N'F303', N'Điều hòa 1', '2021-01-23', N'Nagakawa')
insert into EQUIPMENT values (N'F303_DH2', N'F303', N'Điều hòa 2', '2021-01-23', N'Nagakawa')
insert into EQUIPMENT values (N'F303_CD', N'F303', N'Cửa đi', '2021-01-23', N'Hòa Nhân')
insert into EQUIPMENT values (N'F303_CS1', N'F303', N'Cửa sổ 1', '2021-01-23', N'Trung Hòa')
insert into EQUIPMENT values (N'F303_CS2', N'F303', N'Cửa sổ 2', '2021-01-23', N'Trung Hòa')

insert into STATUS values (N'F303_D1_khongSang', N'F303_D1', N'Không sáng')
insert into STATUS values (N'F303_D1_khac',      N'F303_D1', N'Khác')
insert into STATUS values (N'F303_D2_khongSang', N'F303_D2', N'Không sáng')
insert into STATUS values (N'F303_D2_khac',      N'F303_D2', N'Khác')
insert into STATUS values (N'F303_BG1_hong',     N'F303_BG1', N'Bị hỏng')
insert into STATUS values (N'F303_BG1_khac',     N'F303_BG1', N'Khác')
insert into STATUS values (N'F303_BG2_hong',     N'F303_BG2', N'Bị hỏng')
insert into STATUS values (N'F303_BG2_khac',     N'F303_BG2', N'Khác')
insert into STATUS values (N'F303_MC_mo',        N'F303_MC', N'Quá mờ')
insert into STATUS values (N'F303_MC_khongBT',   N'F303_MC', N'Hoạt động không bình thường')
insert into STATUS values (N'F303_MC_khac',      N'F303_MC', N'Khác')
insert into STATUS values (N'F303_Q1_khongBT',   N'F303_Q1', N'Chạy không bình thường')
insert into STATUS values (N'F303_Q1_khongHD',   N'F303_Q1', N'Không hoạt động')
insert into STATUS values (N'F303_Q1_khac',      N'F303_Q1', N'Khác')
insert into STATUS values (N'F303_Q2_khongBT',   N'F303_Q2', N'Chạy không bình thường')
insert into STATUS values (N'F303_Q2_khongHD',   N'F303_Q2', N'Không hoạt động')
insert into STATUS values (N'F303_Q2_khac',      N'F303_Q2', N'Khác')
insert into STATUS values (N'F303_DH1_khongBT',  N'F303_DH1', N'Chạy không bình thường')
insert into STATUS values (N'F303_DH1_khongHD',  N'F303_DH1', N'Không hoạt động')
insert into STATUS values (N'F303_DH1_khac',     N'F303_DH1', N'Khác')
insert into STATUS values (N'F303_DH2_khongBT',  N'F303_DH2', N'Chạy không bình thường')
insert into STATUS values (N'F303_DH2_khongHD',  N'F303_DH2', N'Không hoạt động')
insert into STATUS values (N'F303_DH2_khac',     N'F303_DH2', N'Khác')
insert into STATUS values (N'F303_CD_hong',      N'F303_CD', N'Bị hỏng')
insert into STATUS values (N'F303_CD_khac',      N'F303_CD', N'Khác')
insert into STATUS values (N'F303_CS1_hong',     N'F303_CS1', N'Bị hỏng')
insert into STATUS values (N'F303_CS1_khac',     N'F303_CS1', N'Khác')
insert into STATUS values (N'F303_CS2_hong',     N'F303_CS2', N'Bị hỏng')
insert into STATUS values (N'F303_CS2_khac',     N'F303_CS2', N'Khác')

----------------------------------------------------------------------------------------------------------------------

insert into ROOM values (N'F406', N'F', N'Phòng học')

insert into EQUIPMENT values (N'F406_D1', N'F406', N'Đèn 1', '2021-01-01', N'Rạng Đông')
insert into EQUIPMENT values (N'F406_D2', N'F406', N'Đèn 2', '2021-01-01', N'Rạng Đông')
insert into EQUIPMENT values (N'F406_BG1', N'F406', N'Bàn ghế 1', '2021-02-01', N'Hòa Nhân')
insert into EQUIPMENT values (N'F406_BG2', N'F406', N'Bàn ghế 2', '2021-02-01', N'Hòa Nhân')
insert into EQUIPMENT values (N'F406_MC', N'F406', N'Máy chiếu', '2021-01-23', N'Sony')
insert into EQUIPMENT values (N'F406_Q1', N'F406', N'Quạt 1', '2021-01-23', N'Mitsubishi')
insert into EQUIPMENT values (N'F406_Q2', N'F406', N'Quạt 2', '2021-01-23', N'Mitsubishi')
insert into EQUIPMENT values (N'F406_DH1', N'F406', N'Điều hòa 1', '2021-01-23', N'Nagakawa')
insert into EQUIPMENT values (N'F406_DH2', N'F406', N'Điều hòa 2', '2021-01-23', N'Nagakawa')
insert into EQUIPMENT values (N'F406_CD', N'F406', N'Cửa đi', '2021-01-23', N'Hòa Nhân')
insert into EQUIPMENT values (N'F406_CS1', N'F406', N'Cửa sổ 1', '2021-01-23', N'Trung Hòa')
insert into EQUIPMENT values (N'F406_CS2', N'F406', N'Cửa sổ 2', '2021-01-23', N'Trung Hòa')

insert into STATUS values (N'F406_D1_khongSang', N'F406_D1', N'Không sáng')
insert into STATUS values (N'F406_D1_khac',      N'F406_D1', N'Khác')
insert into STATUS values (N'F406_D2_khongSang', N'F406_D2', N'Không sáng')
insert into STATUS values (N'F406_D2_khac',      N'F406_D2', N'Khác')
insert into STATUS values (N'F406_BG1_hong',     N'F406_BG1', N'Bị hỏng')
insert into STATUS values (N'F406_BG1_khac',     N'F406_BG1', N'Khác')
insert into STATUS values (N'F406_BG2_hong',     N'F406_BG2', N'Bị hỏng')
insert into STATUS values (N'F406_BG2_khac',     N'F406_BG2', N'Khác')
insert into STATUS values (N'F406_MC_mo',        N'F406_MC', N'Quá mờ')
insert into STATUS values (N'F406_MC_khongBT',   N'F406_MC', N'Hoạt động không bình thường')
insert into STATUS values (N'F406_MC_khac',      N'F406_MC', N'Khác')
insert into STATUS values (N'F406_Q1_khongBT',   N'F406_Q1', N'Chạy không bình thường')
insert into STATUS values (N'F406_Q1_khongHD',   N'F406_Q1', N'Không hoạt động')
insert into STATUS values (N'F406_Q1_khac',      N'F406_Q1', N'Khác')
insert into STATUS values (N'F406_Q2_khongBT',   N'F406_Q2', N'Chạy không bình thường')
insert into STATUS values (N'F406_Q2_khongHD',   N'F406_Q2', N'Không hoạt động')
insert into STATUS values (N'F406_Q2_khac',      N'F406_Q2', N'Khác')
insert into STATUS values (N'F406_DH1_khongBT',  N'F406_DH1', N'Chạy không bình thường')
insert into STATUS values (N'F406_DH1_khongHD',  N'F406_DH1', N'Không hoạt động')
insert into STATUS values (N'F406_DH1_khac',     N'F406_DH1', N'Khác')
insert into STATUS values (N'F406_DH2_khongBT',  N'F406_DH2', N'Chạy không bình thường')
insert into STATUS values (N'F406_DH2_khongHD',  N'F406_DH2', N'Không hoạt động')
insert into STATUS values (N'F406_DH2_khac',     N'F406_DH2', N'Khác')
insert into STATUS values (N'F406_CD_hong',      N'F406_CD', N'Bị hỏng')
insert into STATUS values (N'F406_CD_khac',      N'F406_CD', N'Khác')
insert into STATUS values (N'F406_CS1_hong',     N'F406_CS1', N'Bị hỏng')
insert into STATUS values (N'F406_CS1_khac',     N'F406_CS1', N'Khác')
insert into STATUS values (N'F406_CS2_hong',     N'F406_CS2', N'Bị hỏng')
insert into STATUS values (N'F406_CS2_khac',     N'F406_CS2', N'Khác')

----------------------------------------------------------------------------------------------------------------------

insert into ROOM values (N'G102', N'G', N'Phòng học')

insert into EQUIPMENT values (N'G102_D1', N'G102', N'Đèn 1', '2021-01-01', N'Rạng Đông')
insert into EQUIPMENT values (N'G102_D2', N'G102', N'Đèn 2', '2021-01-01', N'Rạng Đông')
insert into EQUIPMENT values (N'G102_BG1', N'G102', N'Bàn ghế 1', '2021-02-01', N'Hòa Nhân')
insert into EQUIPMENT values (N'G102_BG2', N'G102', N'Bàn ghế 2', '2021-02-01', N'Hòa Nhân')
insert into EQUIPMENT values (N'G102_MC', N'G102', N'Máy chiếu', '2021-01-23', N'Sony')
insert into EQUIPMENT values (N'G102_Q1', N'G102', N'Quạt 1', '2021-01-23', N'Mitsubishi')
insert into EQUIPMENT values (N'G102_Q2', N'G102', N'Quạt 2', '2021-01-23', N'Mitsubishi')
insert into EQUIPMENT values (N'G102_DH1', N'G102', N'Điều hòa 1', '2021-01-23', N'Nagakawa')
insert into EQUIPMENT values (N'G102_DH2', N'G102', N'Điều hòa 2', '2021-01-23', N'Nagakawa')
insert into EQUIPMENT values (N'G102_CD', N'G102', N'Cửa đi', '2021-01-23', N'Hòa Nhân')
insert into EQUIPMENT values (N'G102_CS1', N'G102', N'Cửa sổ 1', '2021-01-23', N'Trung Hòa')
insert into EQUIPMENT values (N'G102_CS2', N'G102', N'Cửa sổ 2', '2021-01-23', N'Trung Hòa')

insert into STATUS values (N'G102_D1_khongSang', N'G102_D1', N'Không sáng')
insert into STATUS values (N'G102_D1_khac',      N'G102_D1', N'Khác')
insert into STATUS values (N'G102_D2_khongSang', N'G102_D2', N'Không sáng')
insert into STATUS values (N'G102_D2_khac',      N'G102_D2', N'Khác')
insert into STATUS values (N'G102_BG1_hong',     N'G102_BG1', N'Bị hỏng')
insert into STATUS values (N'G102_BG1_khac',     N'G102_BG1', N'Khác')
insert into STATUS values (N'G102_BG2_hong',     N'G102_BG2', N'Bị hỏng')
insert into STATUS values (N'G102_BG2_khac',     N'G102_BG2', N'Khác')
insert into STATUS values (N'G102_MC_mo',        N'G102_MC', N'Quá mờ')
insert into STATUS values (N'G102_MC_khongBT',   N'G102_MC', N'Hoạt động không bình thường')
insert into STATUS values (N'G102_MC_khac',      N'G102_MC', N'Khác')
insert into STATUS values (N'G102_Q1_khongBT',   N'G102_Q1', N'Chạy không bình thường')
insert into STATUS values (N'G102_Q1_khongHD',   N'G102_Q1', N'Không hoạt động')
insert into STATUS values (N'G102_Q1_khac',      N'G102_Q1', N'Khác')
insert into STATUS values (N'G102_Q2_khongBT',   N'G102_Q2', N'Chạy không bình thường')
insert into STATUS values (N'G102_Q2_khongHD',   N'G102_Q2', N'Không hoạt động')
insert into STATUS values (N'G102_Q2_khac',      N'G102_Q2', N'Khác')
insert into STATUS values (N'G102_DH1_khongBT',  N'G102_DH1', N'Chạy không bình thường')
insert into STATUS values (N'G102_DH1_khongHD',  N'G102_DH1', N'Không hoạt động')
insert into STATUS values (N'G102_DH1_khac',     N'G102_DH1', N'Khác')
insert into STATUS values (N'G102_DH2_khongBT',  N'G102_DH2', N'Chạy không bình thường')
insert into STATUS values (N'G102_DH2_khongHD',  N'G102_DH2', N'Không hoạt động')
insert into STATUS values (N'G102_DH2_khac',     N'G102_DH2', N'Khác')
insert into STATUS values (N'G102_CD_hong',      N'G102_CD', N'Bị hỏng')
insert into STATUS values (N'G102_CD_khac',      N'G102_CD', N'Khác')
insert into STATUS values (N'G102_CS1_hong',     N'G102_CS1', N'Bị hỏng')
insert into STATUS values (N'G102_CS1_khac',     N'G102_CS1', N'Khác')
insert into STATUS values (N'G102_CS2_hong',     N'G102_CS2', N'Bị hỏng')
insert into STATUS values (N'G102_CS2_khac',     N'G102_CS2', N'Khác')

----------------------------------------------------------------------------------------------------------------------

insert into ROOM values (N'G105', N'G', N'Phòng học')

insert into EQUIPMENT values (N'G105_D1', N'G105', N'Đèn 1', '2021-01-01', N'Rạng Đông')
insert into EQUIPMENT values (N'G105_D2', N'G105', N'Đèn 2', '2021-01-01', N'Rạng Đông')
insert into EQUIPMENT values (N'G105_BG1', N'G105', N'Bàn ghế 1', '2021-02-01', N'Hòa Nhân')
insert into EQUIPMENT values (N'G105_BG2', N'G105', N'Bàn ghế 2', '2021-02-01', N'Hòa Nhân')
insert into EQUIPMENT values (N'G105_MC', N'G105', N'Máy chiếu', '2021-01-23', N'Sony')
insert into EQUIPMENT values (N'G105_Q1', N'G105', N'Quạt 1', '2021-01-23', N'Mitsubishi')
insert into EQUIPMENT values (N'G105_Q2', N'G105', N'Quạt 2', '2021-01-23', N'Mitsubishi')
insert into EQUIPMENT values (N'G105_DH1', N'G105', N'Điều hòa 1', '2021-01-23', N'Nagakawa')
insert into EQUIPMENT values (N'G105_DH2', N'G105', N'Điều hòa 2', '2021-01-23', N'Nagakawa')
insert into EQUIPMENT values (N'G105_CD', N'G105', N'Cửa đi', '2021-01-23', N'Hòa Nhân')
insert into EQUIPMENT values (N'G105_CS1', N'G105', N'Cửa sổ 1', '2021-01-23', N'Trung Hòa')
insert into EQUIPMENT values (N'G105_CS2', N'G105', N'Cửa sổ 2', '2021-01-23', N'Trung Hòa')

insert into STATUS values (N'G105_D1_khongSang', N'G105_D1', N'Không sáng')
insert into STATUS values (N'G105_D1_khac',      N'G105_D1', N'Khác')
insert into STATUS values (N'G105_D2_khongSang', N'G105_D2', N'Không sáng')
insert into STATUS values (N'G105_D2_khac',      N'G105_D2', N'Khác')
insert into STATUS values (N'G105_BG1_hong',     N'G105_BG1', N'Bị hỏng')
insert into STATUS values (N'G105_BG1_khac',     N'G105_BG1', N'Khác')
insert into STATUS values (N'G105_BG2_hong',     N'G105_BG2', N'Bị hỏng')
insert into STATUS values (N'G105_BG2_khac',     N'G105_BG2', N'Khác')
insert into STATUS values (N'G105_MC_mo',        N'G105_MC', N'Quá mờ')
insert into STATUS values (N'G105_MC_khongBT',   N'G105_MC', N'Hoạt động không bình thường')
insert into STATUS values (N'G105_MC_khac',      N'G105_MC', N'Khác')
insert into STATUS values (N'G105_Q1_khongBT',   N'G105_Q1', N'Chạy không bình thường')
insert into STATUS values (N'G105_Q1_khongHD',   N'G105_Q1', N'Không hoạt động')
insert into STATUS values (N'G105_Q1_khac',      N'G105_Q1', N'Khác')
insert into STATUS values (N'G105_Q2_khongBT',   N'G105_Q2', N'Chạy không bình thường')
insert into STATUS values (N'G105_Q2_khongHD',   N'G105_Q2', N'Không hoạt động')
insert into STATUS values (N'G105_Q2_khac',      N'G105_Q2', N'Khác')
insert into STATUS values (N'G105_DH1_khongBT',  N'G105_DH1', N'Chạy không bình thường')
insert into STATUS values (N'G105_DH1_khongHD',  N'G105_DH1', N'Không hoạt động')
insert into STATUS values (N'G105_DH1_khac',     N'G105_DH1', N'Khác')
insert into STATUS values (N'G105_DH2_khongBT',  N'G105_DH2', N'Chạy không bình thường')
insert into STATUS values (N'G105_DH2_khongHD',  N'G105_DH2', N'Không hoạt động')
insert into STATUS values (N'G105_DH2_khac',     N'G105_DH2', N'Khác')
insert into STATUS values (N'G105_CD_hong',      N'G105_CD', N'Bị hỏng')
insert into STATUS values (N'G105_CD_khac',      N'G105_CD', N'Khác')
insert into STATUS values (N'G105_CS1_hong',     N'G105_CS1', N'Bị hỏng')
insert into STATUS values (N'G105_CS1_khac',     N'G105_CS1', N'Khác')
insert into STATUS values (N'G105_CS2_hong',     N'G105_CS2', N'Bị hỏng')
insert into STATUS values (N'G105_CS2_khac',     N'G105_CS2', N'Khác')

----------------------------------------------------------------------------------------------------------------------

insert into ROOM values (N'G106', N'G', N'Phòng học')

insert into EQUIPMENT values (N'G106_D1', N'G106', N'Đèn 1', '2021-01-01', N'Rạng Đông')
insert into EQUIPMENT values (N'G106_D2', N'G106', N'Đèn 2', '2021-01-01', N'Rạng Đông')
insert into EQUIPMENT values (N'G106_BG1', N'G106', N'Bàn ghế 1', '2021-02-01', N'Hòa Nhân')
insert into EQUIPMENT values (N'G106_BG2', N'G106', N'Bàn ghế 2', '2021-02-01', N'Hòa Nhân')
insert into EQUIPMENT values (N'G106_MC', N'G106', N'Máy chiếu', '2021-01-23', N'Sony')
insert into EQUIPMENT values (N'G106_Q1', N'G106', N'Quạt 1', '2021-01-23', N'Mitsubishi')
insert into EQUIPMENT values (N'G106_Q2', N'G106', N'Quạt 2', '2021-01-23', N'Mitsubishi')
insert into EQUIPMENT values (N'G106_DH1', N'G106', N'Điều hòa 1', '2021-01-23', N'Nagakawa')
insert into EQUIPMENT values (N'G106_DH2', N'G106', N'Điều hòa 2', '2021-01-23', N'Nagakawa')
insert into EQUIPMENT values (N'G106_CD', N'G106', N'Cửa đi', '2021-01-23', N'Hòa Nhân')
insert into EQUIPMENT values (N'G106_CS1', N'G106', N'Cửa sổ 1', '2021-01-23', N'Trung Hòa')
insert into EQUIPMENT values (N'G106_CS2', N'G106', N'Cửa sổ 2', '2021-01-23', N'Trung Hòa')

insert into STATUS values (N'G106_D1_khongSang', N'G106_D1', N'Không sáng')
insert into STATUS values (N'G106_D1_khac',      N'G106_D1', N'Khác')
insert into STATUS values (N'G106_D2_khongSang', N'G106_D2', N'Không sáng')
insert into STATUS values (N'G106_D2_khac',      N'G106_D2', N'Khác')
insert into STATUS values (N'G106_BG1_hong',     N'G106_BG1', N'Bị hỏng')
insert into STATUS values (N'G106_BG1_khac',     N'G106_BG1', N'Khác')
insert into STATUS values (N'G106_BG2_hong',     N'G106_BG2', N'Bị hỏng')
insert into STATUS values (N'G106_BG2_khac',     N'G106_BG2', N'Khác')
insert into STATUS values (N'G106_MC_mo',        N'G106_MC', N'Quá mờ')
insert into STATUS values (N'G106_MC_khongBT',   N'G106_MC', N'Hoạt động không bình thường')
insert into STATUS values (N'G106_MC_khac',      N'G106_MC', N'Khác')
insert into STATUS values (N'G106_Q1_khongBT',   N'G106_Q1', N'Chạy không bình thường')
insert into STATUS values (N'G106_Q1_khongHD',   N'G106_Q1', N'Không hoạt động')
insert into STATUS values (N'G106_Q1_khac',      N'G106_Q1', N'Khác')
insert into STATUS values (N'G106_Q2_khongBT',   N'G106_Q2', N'Chạy không bình thường')
insert into STATUS values (N'G106_Q2_khongHD',   N'G106_Q2', N'Không hoạt động')
insert into STATUS values (N'G106_Q2_khac',      N'G106_Q2', N'Khác')
insert into STATUS values (N'G106_DH1_khongBT',  N'G106_DH1', N'Chạy không bình thường')
insert into STATUS values (N'G106_DH1_khongHD',  N'G106_DH1', N'Không hoạt động')
insert into STATUS values (N'G106_DH1_khac',     N'G106_DH1', N'Khác')
insert into STATUS values (N'G106_DH2_khongBT',  N'G106_DH2', N'Chạy không bình thường')
insert into STATUS values (N'G106_DH2_khongHD',  N'G106_DH2', N'Không hoạt động')
insert into STATUS values (N'G106_DH2_khac',     N'G106_DH2', N'Khác')
insert into STATUS values (N'G106_CD_hong',      N'G106_CD', N'Bị hỏng')
insert into STATUS values (N'G106_CD_khac',      N'G106_CD', N'Khác')
insert into STATUS values (N'G106_CS1_hong',     N'G106_CS1', N'Bị hỏng')
insert into STATUS values (N'G106_CS1_khac',     N'G106_CS1', N'Khác')
insert into STATUS values (N'G106_CS2_hong',     N'G106_CS2', N'Bị hỏng')
insert into STATUS values (N'G106_CS2_khac',     N'G106_CS2', N'Khác')

----------------------------------------------------------------------------------------------------------------------

insert into ROOM values (N'G201', N'G', N'Phòng học')

insert into EQUIPMENT values (N'G201_D1', N'G201', N'Đèn 1', '2021-01-01', N'Rạng Đông')
insert into EQUIPMENT values (N'G201_D2', N'G201', N'Đèn 2', '2021-01-01', N'Rạng Đông')
insert into EQUIPMENT values (N'G201_BG1', N'G201', N'Bàn ghế 1', '2021-02-01', N'Hòa Nhân')
insert into EQUIPMENT values (N'G201_BG2', N'G201', N'Bàn ghế 2', '2021-02-01', N'Hòa Nhân')
insert into EQUIPMENT values (N'G201_MC', N'G201', N'Máy chiếu', '2021-01-23', N'Sony')
insert into EQUIPMENT values (N'G201_Q1', N'G201', N'Quạt 1', '2021-01-23', N'Mitsubishi')
insert into EQUIPMENT values (N'G201_Q2', N'G201', N'Quạt 2', '2021-01-23', N'Mitsubishi')
insert into EQUIPMENT values (N'G201_DH1', N'G201', N'Điều hòa 1', '2021-01-23', N'Nagakawa')
insert into EQUIPMENT values (N'G201_DH2', N'G201', N'Điều hòa 2', '2021-01-23', N'Nagakawa')
insert into EQUIPMENT values (N'G201_CD', N'G201', N'Cửa đi', '2021-01-23', N'Hòa Nhân')
insert into EQUIPMENT values (N'G201_CS1', N'G201', N'Cửa sổ 1', '2021-01-23', N'Trung Hòa')
insert into EQUIPMENT values (N'G201_CS2', N'G201', N'Cửa sổ 2', '2021-01-23', N'Trung Hòa')

insert into STATUS values (N'G201_D1_khongSang', N'G201_D1', N'Không sáng')
insert into STATUS values (N'G201_D1_khac',      N'G201_D1', N'Khác')
insert into STATUS values (N'G201_D2_khongSang', N'G201_D2', N'Không sáng')
insert into STATUS values (N'G201_D2_khac',      N'G201_D2', N'Khác')
insert into STATUS values (N'G201_BG1_hong',     N'G201_BG1', N'Bị hỏng')
insert into STATUS values (N'G201_BG1_khac',     N'G201_BG1', N'Khác')
insert into STATUS values (N'G201_BG2_hong',     N'G201_BG2', N'Bị hỏng')
insert into STATUS values (N'G201_BG2_khac',     N'G201_BG2', N'Khác')
insert into STATUS values (N'G201_MC_mo',        N'G201_MC', N'Quá mờ')
insert into STATUS values (N'G201_MC_khongBT',   N'G201_MC', N'Hoạt động không bình thường')
insert into STATUS values (N'G201_MC_khac',      N'G201_MC', N'Khác')
insert into STATUS values (N'G201_Q1_khongBT',   N'G201_Q1', N'Chạy không bình thường')
insert into STATUS values (N'G201_Q1_khongHD',   N'G201_Q1', N'Không hoạt động')
insert into STATUS values (N'G201_Q1_khac',      N'G201_Q1', N'Khác')
insert into STATUS values (N'G201_Q2_khongBT',   N'G201_Q2', N'Chạy không bình thường')
insert into STATUS values (N'G201_Q2_khongHD',   N'G201_Q2', N'Không hoạt động')
insert into STATUS values (N'G201_Q2_khac',      N'G201_Q2', N'Khác')
insert into STATUS values (N'G201_DH1_khongBT',  N'G201_DH1', N'Chạy không bình thường')
insert into STATUS values (N'G201_DH1_khongHD',  N'G201_DH1', N'Không hoạt động')
insert into STATUS values (N'G201_DH1_khac',     N'G201_DH1', N'Khác')
insert into STATUS values (N'G201_DH2_khongBT',  N'G201_DH2', N'Chạy không bình thường')
insert into STATUS values (N'G201_DH2_khongHD',  N'G201_DH2', N'Không hoạt động')
insert into STATUS values (N'G201_DH2_khac',     N'G201_DH2', N'Khác')
insert into STATUS values (N'G201_CD_hong',      N'G201_CD', N'Bị hỏng')
insert into STATUS values (N'G201_CD_khac',      N'G201_CD', N'Khác')
insert into STATUS values (N'G201_CS1_hong',     N'G201_CS1', N'Bị hỏng')
insert into STATUS values (N'G201_CS1_khac',     N'G201_CS1', N'Khác')
insert into STATUS values (N'G201_CS2_hong',     N'G201_CS2', N'Bị hỏng')
insert into STATUS values (N'G201_CS2_khac',     N'G201_CS2', N'Khác')

----------------------------------------------------------------------------------------------------------------------

insert into ROOM values (N'H108', N'H', N'Phòng học')

insert into EQUIPMENT values (N'H108_D1', N'H108', N'Đèn 1', '2021-01-01', N'Rạng Đông')
insert into EQUIPMENT values (N'H108_D2', N'H108', N'Đèn 2', '2021-01-01', N'Rạng Đông')
insert into EQUIPMENT values (N'H108_BG1', N'H108', N'Bàn ghế 1', '2021-02-01', N'Hòa Nhân')
insert into EQUIPMENT values (N'H108_BG2', N'H108', N'Bàn ghế 2', '2021-02-01', N'Hòa Nhân')
insert into EQUIPMENT values (N'H108_MC', N'H108', N'Máy chiếu', '2021-01-23', N'Sony')
insert into EQUIPMENT values (N'H108_Q1', N'H108', N'Quạt 1', '2021-01-23', N'Mitsubishi')
insert into EQUIPMENT values (N'H108_Q2', N'H108', N'Quạt 2', '2021-01-23', N'Mitsubishi')
insert into EQUIPMENT values (N'H108_DH1', N'H108', N'Điều hòa 1', '2021-01-23', N'Nagakawa')
insert into EQUIPMENT values (N'H108_DH2', N'H108', N'Điều hòa 2', '2021-01-23', N'Nagakawa')
insert into EQUIPMENT values (N'H108_CD', N'H108', N'Cửa đi', '2021-01-23', N'Hòa Nhân')
insert into EQUIPMENT values (N'H108_CS1', N'H108', N'Cửa sổ 1', '2021-01-23', N'Trung Hòa')
insert into EQUIPMENT values (N'H108_CS2', N'H108', N'Cửa sổ 2', '2021-01-23', N'Trung Hòa')

insert into STATUS values (N'H108_D1_khongSang', N'H108_D1', N'Không sáng')
insert into STATUS values (N'H108_D1_khac',      N'H108_D1', N'Khác')
insert into STATUS values (N'H108_D2_khongSang', N'H108_D2', N'Không sáng')
insert into STATUS values (N'H108_D2_khac',      N'H108_D2', N'Khác')
insert into STATUS values (N'H108_BG1_hong',     N'H108_BG1', N'Bị hỏng')
insert into STATUS values (N'H108_BG1_khac',     N'H108_BG1', N'Khác')
insert into STATUS values (N'H108_BG2_hong',     N'H108_BG2', N'Bị hỏng')
insert into STATUS values (N'H108_BG2_khac',     N'H108_BG2', N'Khác')
insert into STATUS values (N'H108_MC_mo',        N'H108_MC', N'Quá mờ')
insert into STATUS values (N'H108_MC_khongBT',   N'H108_MC', N'Hoạt động không bình thường')
insert into STATUS values (N'H108_MC_khac',      N'H108_MC', N'Khác')
insert into STATUS values (N'H108_Q1_khongBT',   N'H108_Q1', N'Chạy không bình thường')
insert into STATUS values (N'H108_Q1_khongHD',   N'H108_Q1', N'Không hoạt động')
insert into STATUS values (N'H108_Q1_khac',      N'H108_Q1', N'Khác')
insert into STATUS values (N'H108_Q2_khongBT',   N'H108_Q2', N'Chạy không bình thường')
insert into STATUS values (N'H108_Q2_khongHD',   N'H108_Q2', N'Không hoạt động')
insert into STATUS values (N'H108_Q2_khac',      N'H108_Q2', N'Khác')
insert into STATUS values (N'H108_DH1_khongBT',  N'H108_DH1', N'Chạy không bình thường')
insert into STATUS values (N'H108_DH1_khongHD',  N'H108_DH1', N'Không hoạt động')
insert into STATUS values (N'H108_DH1_khac',     N'H108_DH1', N'Khác')
insert into STATUS values (N'H108_DH2_khongBT',  N'H108_DH2', N'Chạy không bình thường')
insert into STATUS values (N'H108_DH2_khongHD',  N'H108_DH2', N'Không hoạt động')
insert into STATUS values (N'H108_DH2_khac',     N'H108_DH2', N'Khác')
insert into STATUS values (N'H108_CD_hong',      N'H108_CD', N'Bị hỏng')
insert into STATUS values (N'H108_CD_khac',      N'H108_CD', N'Khác')
insert into STATUS values (N'H108_CS1_hong',     N'H108_CS1', N'Bị hỏng')
insert into STATUS values (N'H108_CS1_khac',     N'H108_CS1', N'Khác')
insert into STATUS values (N'H108_CS2_hong',     N'H108_CS2', N'Bị hỏng')
insert into STATUS values (N'H108_CS2_khac',     N'H108_CS2', N'Khác')

----------------------------------------------------------------------------------------------------------------------

insert into ROOM values (N'H204', N'H', N'Phòng học')

insert into EQUIPMENT values (N'H204_D1', N'H204', N'Đèn 1', '2021-01-01', N'Rạng Đông')
insert into EQUIPMENT values (N'H204_D2', N'H204', N'Đèn 2', '2021-01-01', N'Rạng Đông')
insert into EQUIPMENT values (N'H204_BG1', N'H204', N'Bàn ghế 1', '2021-02-01', N'Hòa Nhân')
insert into EQUIPMENT values (N'H204_BG2', N'H204', N'Bàn ghế 2', '2021-02-01', N'Hòa Nhân')
insert into EQUIPMENT values (N'H204_MC', N'H204', N'Máy chiếu', '2021-01-23', N'Sony')
insert into EQUIPMENT values (N'H204_Q1', N'H204', N'Quạt 1', '2021-01-23', N'Mitsubishi')
insert into EQUIPMENT values (N'H204_Q2', N'H204', N'Quạt 2', '2021-01-23', N'Mitsubishi')
insert into EQUIPMENT values (N'H204_DH1', N'H204', N'Điều hòa 1', '2021-01-23', N'Nagakawa')
insert into EQUIPMENT values (N'H204_DH2', N'H204', N'Điều hòa 2', '2021-01-23', N'Nagakawa')
insert into EQUIPMENT values (N'H204_CD', N'H204', N'Cửa đi', '2021-01-23', N'Hòa Nhân')
insert into EQUIPMENT values (N'H204_CS1', N'H204', N'Cửa sổ 1', '2021-01-23', N'Trung Hòa')
insert into EQUIPMENT values (N'H204_CS2', N'H204', N'Cửa sổ 2', '2021-01-23', N'Trung Hòa')

insert into STATUS values (N'H204_D1_khongSang', N'H204_D1', N'Không sáng')
insert into STATUS values (N'H204_D1_khac',      N'H204_D1', N'Khác')
insert into STATUS values (N'H204_D2_khongSang', N'H204_D2', N'Không sáng')
insert into STATUS values (N'H204_D2_khac',      N'H204_D2', N'Khác')
insert into STATUS values (N'H204_BG1_hong',     N'H204_BG1', N'Bị hỏng')
insert into STATUS values (N'H204_BG1_khac',     N'H204_BG1', N'Khác')
insert into STATUS values (N'H204_BG2_hong',     N'H204_BG2', N'Bị hỏng')
insert into STATUS values (N'H204_BG2_khac',     N'H204_BG2', N'Khác')
insert into STATUS values (N'H204_MC_mo',        N'H204_MC', N'Quá mờ')
insert into STATUS values (N'H204_MC_khongBT',   N'H204_MC', N'Hoạt động không bình thường')
insert into STATUS values (N'H204_MC_khac',      N'H204_MC', N'Khác')
insert into STATUS values (N'H204_Q1_khongBT',   N'H204_Q1', N'Chạy không bình thường')
insert into STATUS values (N'H204_Q1_khongHD',   N'H204_Q1', N'Không hoạt động')
insert into STATUS values (N'H204_Q1_khac',      N'H204_Q1', N'Khác')
insert into STATUS values (N'H204_Q2_khongBT',   N'H204_Q2', N'Chạy không bình thường')
insert into STATUS values (N'H204_Q2_khongHD',   N'H204_Q2', N'Không hoạt động')
insert into STATUS values (N'H204_Q2_khac',      N'H204_Q2', N'Khác')
insert into STATUS values (N'H204_DH1_khongBT',  N'H204_DH1', N'Chạy không bình thường')
insert into STATUS values (N'H204_DH1_khongHD',  N'H204_DH1', N'Không hoạt động')
insert into STATUS values (N'H204_DH1_khac',     N'H204_DH1', N'Khác')
insert into STATUS values (N'H204_DH2_khongBT',  N'H204_DH2', N'Chạy không bình thường')
insert into STATUS values (N'H204_DH2_khongHD',  N'H204_DH2', N'Không hoạt động')
insert into STATUS values (N'H204_DH2_khac',     N'H204_DH2', N'Khác')
insert into STATUS values (N'H204_CD_hong',      N'H204_CD', N'Bị hỏng')
insert into STATUS values (N'H204_CD_khac',      N'H204_CD', N'Khác')
insert into STATUS values (N'H204_CS1_hong',     N'H204_CS1', N'Bị hỏng')
insert into STATUS values (N'H204_CS1_khac',     N'H204_CS1', N'Khác')
insert into STATUS values (N'H204_CS2_hong',     N'H204_CS2', N'Bị hỏng')
insert into STATUS values (N'H204_CS2_khac',     N'H204_CS2', N'Khác')

----------------------------------------------------------------------------------------------------------------------

insert into ROOM values (N'H306', N'H', N'Phòng học')

insert into EQUIPMENT values (N'H306_D1', N'H306', N'Đèn 1', '2021-01-01', N'Rạng Đông')
insert into EQUIPMENT values (N'H306_D2', N'H306', N'Đèn 2', '2021-01-01', N'Rạng Đông')
insert into EQUIPMENT values (N'H306_BG1', N'H306', N'Bàn ghế 1', '2021-02-01', N'Hòa Nhân')
insert into EQUIPMENT values (N'H306_BG2', N'H306', N'Bàn ghế 2', '2021-02-01', N'Hòa Nhân')
insert into EQUIPMENT values (N'H306_MC', N'H306', N'Máy chiếu', '2021-01-23', N'Sony')
insert into EQUIPMENT values (N'H306_Q1', N'H306', N'Quạt 1', '2021-01-23', N'Mitsubishi')
insert into EQUIPMENT values (N'H306_Q2', N'H306', N'Quạt 2', '2021-01-23', N'Mitsubishi')
insert into EQUIPMENT values (N'H306_DH1', N'H306', N'Điều hòa 1', '2021-01-23', N'Nagakawa')
insert into EQUIPMENT values (N'H306_DH2', N'H306', N'Điều hòa 2', '2021-01-23', N'Nagakawa')
insert into EQUIPMENT values (N'H306_CD', N'H306', N'Cửa đi', '2021-01-23', N'Hòa Nhân')
insert into EQUIPMENT values (N'H306_CS1', N'H306', N'Cửa sổ 1', '2021-01-23', N'Trung Hòa')
insert into EQUIPMENT values (N'H306_CS2', N'H306', N'Cửa sổ 2', '2021-01-23', N'Trung Hòa')

insert into STATUS values (N'H306_D1_khongSang', N'H306_D1', N'Không sáng')
insert into STATUS values (N'H306_D1_khac',      N'H306_D1', N'Khác')
insert into STATUS values (N'H306_D2_khongSang', N'H306_D2', N'Không sáng')
insert into STATUS values (N'H306_D2_khac',      N'H306_D2', N'Khác')
insert into STATUS values (N'H306_BG1_hong',     N'H306_BG1', N'Bị hỏng')
insert into STATUS values (N'H306_BG1_khac',     N'H306_BG1', N'Khác')
insert into STATUS values (N'H306_BG2_hong',     N'H306_BG2', N'Bị hỏng')
insert into STATUS values (N'H306_BG2_khac',     N'H306_BG2', N'Khác')
insert into STATUS values (N'H306_MC_mo',        N'H306_MC', N'Quá mờ')
insert into STATUS values (N'H306_MC_khongBT',   N'H306_MC', N'Hoạt động không bình thường')
insert into STATUS values (N'H306_MC_khac',      N'H306_MC', N'Khác')
insert into STATUS values (N'H306_Q1_khongBT',   N'H306_Q1', N'Chạy không bình thường')
insert into STATUS values (N'H306_Q1_khongHD',   N'H306_Q1', N'Không hoạt động')
insert into STATUS values (N'H306_Q1_khac',      N'H306_Q1', N'Khác')
insert into STATUS values (N'H306_Q2_khongBT',   N'H306_Q2', N'Chạy không bình thường')
insert into STATUS values (N'H306_Q2_khongHD',   N'H306_Q2', N'Không hoạt động')
insert into STATUS values (N'H306_Q2_khac',      N'H306_Q2', N'Khác')
insert into STATUS values (N'H306_DH1_khongBT',  N'H306_DH1', N'Chạy không bình thường')
insert into STATUS values (N'H306_DH1_khongHD',  N'H306_DH1', N'Không hoạt động')
insert into STATUS values (N'H306_DH1_khac',     N'H306_DH1', N'Khác')
insert into STATUS values (N'H306_DH2_khongBT',  N'H306_DH2', N'Chạy không bình thường')
insert into STATUS values (N'H306_DH2_khongHD',  N'H306_DH2', N'Không hoạt động')
insert into STATUS values (N'H306_DH2_khac',     N'H306_DH2', N'Khác')
insert into STATUS values (N'H306_CD_hong',      N'H306_CD', N'Bị hỏng')
insert into STATUS values (N'H306_CD_khac',      N'H306_CD', N'Khác')
insert into STATUS values (N'H306_CS1_hong',     N'H306_CS1', N'Bị hỏng')
insert into STATUS values (N'H306_CS1_khac',     N'H306_CS1', N'Khác')
insert into STATUS values (N'H306_CS2_hong',     N'H306_CS2', N'Bị hỏng')
insert into STATUS values (N'H306_CS2_khac',     N'H306_CS2', N'Khác')

----------------------------------------------------------------------------------------------------------------------

insert into ROOM values (N'I301', N'I', N'Phòng học')

insert into EQUIPMENT values (N'I301_D1', N'I301', N'Đèn 1', '2021-01-01', N'Rạng Đông')
insert into EQUIPMENT values (N'I301_D2', N'I301', N'Đèn 2', '2021-01-01', N'Rạng Đông')
insert into EQUIPMENT values (N'I301_BG1', N'I301', N'Bàn ghế 1', '2021-02-01', N'Hòa Nhân')
insert into EQUIPMENT values (N'I301_BG2', N'I301', N'Bàn ghế 2', '2021-02-01', N'Hòa Nhân')
insert into EQUIPMENT values (N'I301_MC', N'I301', N'Máy chiếu', '2021-01-23', N'Sony')
insert into EQUIPMENT values (N'I301_Q1', N'I301', N'Quạt 1', '2021-01-23', N'Mitsubishi')
insert into EQUIPMENT values (N'I301_Q2', N'I301', N'Quạt 2', '2021-01-23', N'Mitsubishi')
insert into EQUIPMENT values (N'I301_DH1', N'I301', N'Điều hòa 1', '2021-01-23', N'Nagakawa')
insert into EQUIPMENT values (N'I301_DH2', N'I301', N'Điều hòa 2', '2021-01-23', N'Nagakawa')
insert into EQUIPMENT values (N'I301_CD', N'I301', N'Cửa đi', '2021-01-23', N'Hòa Nhân')
insert into EQUIPMENT values (N'I301_CS1', N'I301', N'Cửa sổ 1', '2021-01-23', N'Trung Hòa')
insert into EQUIPMENT values (N'I301_CS2', N'I301', N'Cửa sổ 2', '2021-01-23', N'Trung Hòa')

insert into STATUS values (N'I301_D1_khongSang', N'I301_D1', N'Không sáng')
insert into STATUS values (N'I301_D1_khac',      N'I301_D1', N'Khác')
insert into STATUS values (N'I301_D2_khongSang', N'I301_D2', N'Không sáng')
insert into STATUS values (N'I301_D2_khac',      N'I301_D2', N'Khác')
insert into STATUS values (N'I301_BG1_hong',     N'I301_BG1', N'Bị hỏng')
insert into STATUS values (N'I301_BG1_khac',     N'I301_BG1', N'Khác')
insert into STATUS values (N'I301_BG2_hong',     N'I301_BG2', N'Bị hỏng')
insert into STATUS values (N'I301_BG2_khac',     N'I301_BG2', N'Khác')
insert into STATUS values (N'I301_MC_mo',        N'I301_MC', N'Quá mờ')
insert into STATUS values (N'I301_MC_khongBT',   N'I301_MC', N'Hoạt động không bình thường')
insert into STATUS values (N'I301_MC_khac',      N'I301_MC', N'Khác')
insert into STATUS values (N'I301_Q1_khongBT',   N'I301_Q1', N'Chạy không bình thường')
insert into STATUS values (N'I301_Q1_khongHD',   N'I301_Q1', N'Không hoạt động')
insert into STATUS values (N'I301_Q1_khac',      N'I301_Q1', N'Khác')
insert into STATUS values (N'I301_Q2_khongBT',   N'I301_Q2', N'Chạy không bình thường')
insert into STATUS values (N'I301_Q2_khongHD',   N'I301_Q2', N'Không hoạt động')
insert into STATUS values (N'I301_Q2_khac',      N'I301_Q2', N'Khác')
insert into STATUS values (N'I301_DH1_khongBT',  N'I301_DH1', N'Chạy không bình thường')
insert into STATUS values (N'I301_DH1_khongHD',  N'I301_DH1', N'Không hoạt động')
insert into STATUS values (N'I301_DH1_khac',     N'I301_DH1', N'Khác')
insert into STATUS values (N'I301_DH2_khongBT',  N'I301_DH2', N'Chạy không bình thường')
insert into STATUS values (N'I301_DH2_khongHD',  N'I301_DH2', N'Không hoạt động')
insert into STATUS values (N'I301_DH2_khac',     N'I301_DH2', N'Khác')
insert into STATUS values (N'I301_CD_hong',      N'I301_CD', N'Bị hỏng')
insert into STATUS values (N'I301_CD_khac',      N'I301_CD', N'Khác')
insert into STATUS values (N'I301_CS1_hong',     N'I301_CS1', N'Bị hỏng')
insert into STATUS values (N'I301_CS1_khac',     N'I301_CS1', N'Khác')
insert into STATUS values (N'I301_CS2_hong',     N'I301_CS2', N'Bị hỏng')
insert into STATUS values (N'I301_CS2_khac',     N'I301_CS2', N'Khác')

----------------------------------------------------------------------------------------------------------------------

insert into ROOM values (N'K103', N'K', N'Phòng học')

insert into EQUIPMENT values (N'K103_D1', N'K103', N'Đèn 1', '2021-01-01', N'Rạng Đông')
insert into EQUIPMENT values (N'K103_D2', N'K103', N'Đèn 2', '2021-01-01', N'Rạng Đông')
insert into EQUIPMENT values (N'K103_BG1', N'K103', N'Bàn ghế 1', '2021-02-01', N'Hòa Nhân')
insert into EQUIPMENT values (N'K103_BG2', N'K103', N'Bàn ghế 2', '2021-02-01', N'Hòa Nhân')
insert into EQUIPMENT values (N'K103_MC', N'K103', N'Máy chiếu', '2021-01-23', N'Sony')
insert into EQUIPMENT values (N'K103_Q1', N'K103', N'Quạt 1', '2021-01-23', N'Mitsubishi')
insert into EQUIPMENT values (N'K103_Q2', N'K103', N'Quạt 2', '2021-01-23', N'Mitsubishi')
insert into EQUIPMENT values (N'K103_DH1', N'K103', N'Điều hòa 1', '2021-01-23', N'Nagakawa')
insert into EQUIPMENT values (N'K103_DH2', N'K103', N'Điều hòa 2', '2021-01-23', N'Nagakawa')
insert into EQUIPMENT values (N'K103_CD', N'K103', N'Cửa đi', '2021-01-23', N'Hòa Nhân')
insert into EQUIPMENT values (N'K103_CS1', N'K103', N'Cửa sổ 1', '2021-01-23', N'Trung Hòa')
insert into EQUIPMENT values (N'K103_CS2', N'K103', N'Cửa sổ 2', '2021-01-23', N'Trung Hòa')

insert into STATUS values (N'K103_D1_khongSang', N'K103_D1', N'Không sáng')
insert into STATUS values (N'K103_D1_khac',      N'K103_D1', N'Khác')
insert into STATUS values (N'K103_D2_khongSang', N'K103_D2', N'Không sáng')
insert into STATUS values (N'K103_D2_khac',      N'K103_D2', N'Khác')
insert into STATUS values (N'K103_BG1_hong',     N'K103_BG1', N'Bị hỏng')
insert into STATUS values (N'K103_BG1_khac',     N'K103_BG1', N'Khác')
insert into STATUS values (N'K103_BG2_hong',     N'K103_BG2', N'Bị hỏng')
insert into STATUS values (N'K103_BG2_khac',     N'K103_BG2', N'Khác')
insert into STATUS values (N'K103_MC_mo',        N'K103_MC', N'Quá mờ')
insert into STATUS values (N'K103_MC_khongBT',   N'K103_MC', N'Hoạt động không bình thường')
insert into STATUS values (N'K103_MC_khac',      N'K103_MC', N'Khác')
insert into STATUS values (N'K103_Q1_khongBT',   N'K103_Q1', N'Chạy không bình thường')
insert into STATUS values (N'K103_Q1_khongHD',   N'K103_Q1', N'Không hoạt động')
insert into STATUS values (N'K103_Q1_khac',      N'K103_Q1', N'Khác')
insert into STATUS values (N'K103_Q2_khongBT',   N'K103_Q2', N'Chạy không bình thường')
insert into STATUS values (N'K103_Q2_khongHD',   N'K103_Q2', N'Không hoạt động')
insert into STATUS values (N'K103_Q2_khac',      N'K103_Q2', N'Khác')
insert into STATUS values (N'K103_DH1_khongBT',  N'K103_DH1', N'Chạy không bình thường')
insert into STATUS values (N'K103_DH1_khongHD',  N'K103_DH1', N'Không hoạt động')
insert into STATUS values (N'K103_DH1_khac',     N'K103_DH1', N'Khác')
insert into STATUS values (N'K103_DH2_khongBT',  N'K103_DH2', N'Chạy không bình thường')
insert into STATUS values (N'K103_DH2_khongHD',  N'K103_DH2', N'Không hoạt động')
insert into STATUS values (N'K103_DH2_khac',     N'K103_DH2', N'Khác')
insert into STATUS values (N'K103_CD_hong',      N'K103_CD', N'Bị hỏng')
insert into STATUS values (N'K103_CD_khac',      N'K103_CD', N'Khác')
insert into STATUS values (N'K103_CS1_hong',     N'K103_CS1', N'Bị hỏng')
insert into STATUS values (N'K103_CS1_khac',     N'K103_CS1', N'Khác')
insert into STATUS values (N'K103_CS2_hong',     N'K103_CS2', N'Bị hỏng')
insert into STATUS values (N'K103_CS2_khac',     N'K103_CS2', N'Khác')

----------------------------------------------------------------------------------------------------------------------

insert into ROOM values (N'K104', N'K', N'Phòng học')

insert into EQUIPMENT values (N'K104_D1', N'K104', N'Đèn 1', '2021-01-01', N'Rạng Đông')
insert into EQUIPMENT values (N'K104_D2', N'K104', N'Đèn 2', '2021-01-01', N'Rạng Đông')
insert into EQUIPMENT values (N'K104_BG1', N'K104', N'Bàn ghế 1', '2021-02-01', N'Hòa Nhân')
insert into EQUIPMENT values (N'K104_BG2', N'K104', N'Bàn ghế 2', '2021-02-01', N'Hòa Nhân')
insert into EQUIPMENT values (N'K104_MC', N'K104', N'Máy chiếu', '2021-01-23', N'Sony')
insert into EQUIPMENT values (N'K104_Q1', N'K104', N'Quạt 1', '2021-01-23', N'Mitsubishi')
insert into EQUIPMENT values (N'K104_Q2', N'K104', N'Quạt 2', '2021-01-23', N'Mitsubishi')
insert into EQUIPMENT values (N'K104_DH1', N'K104', N'Điều hòa 1', '2021-01-23', N'Nagakawa')
insert into EQUIPMENT values (N'K104_DH2', N'K104', N'Điều hòa 2', '2021-01-23', N'Nagakawa')
insert into EQUIPMENT values (N'K104_CD', N'K104', N'Cửa đi', '2021-01-23', N'Hòa Nhân')
insert into EQUIPMENT values (N'K104_CS1', N'K104', N'Cửa sổ 1', '2021-01-23', N'Trung Hòa')
insert into EQUIPMENT values (N'K104_CS2', N'K104', N'Cửa sổ 2', '2021-01-23', N'Trung Hòa')

insert into STATUS values (N'K104_D1_khongSang', N'K104_D1', N'Không sáng')
insert into STATUS values (N'K104_D1_khac',      N'K104_D1', N'Khác')
insert into STATUS values (N'K104_D2_khongSang', N'K104_D2', N'Không sáng')
insert into STATUS values (N'K104_D2_khac',      N'K104_D2', N'Khác')
insert into STATUS values (N'K104_BG1_hong',     N'K104_BG1', N'Bị hỏng')
insert into STATUS values (N'K104_BG1_khac',     N'K104_BG1', N'Khác')
insert into STATUS values (N'K104_BG2_hong',     N'K104_BG2', N'Bị hỏng')
insert into STATUS values (N'K104_BG2_khac',     N'K104_BG2', N'Khác')
insert into STATUS values (N'K104_MC_mo',        N'K104_MC', N'Quá mờ')
insert into STATUS values (N'K104_MC_khongBT',   N'K104_MC', N'Hoạt động không bình thường')
insert into STATUS values (N'K104_MC_khac',      N'K104_MC', N'Khác')
insert into STATUS values (N'K104_Q1_khongBT',   N'K104_Q1', N'Chạy không bình thường')
insert into STATUS values (N'K104_Q1_khongHD',   N'K104_Q1', N'Không hoạt động')
insert into STATUS values (N'K104_Q1_khac',      N'K104_Q1', N'Khác')
insert into STATUS values (N'K104_Q2_khongBT',   N'K104_Q2', N'Chạy không bình thường')
insert into STATUS values (N'K104_Q2_khongHD',   N'K104_Q2', N'Không hoạt động')
insert into STATUS values (N'K104_Q2_khac',      N'K104_Q2', N'Khác')
insert into STATUS values (N'K104_DH1_khongBT',  N'K104_DH1', N'Chạy không bình thường')
insert into STATUS values (N'K104_DH1_khongHD',  N'K104_DH1', N'Không hoạt động')
insert into STATUS values (N'K104_DH1_khac',     N'K104_DH1', N'Khác')
insert into STATUS values (N'K104_DH2_khongBT',  N'K104_DH2', N'Chạy không bình thường')
insert into STATUS values (N'K104_DH2_khongHD',  N'K104_DH2', N'Không hoạt động')
insert into STATUS values (N'K104_DH2_khac',     N'K104_DH2', N'Khác')
insert into STATUS values (N'K104_CD_hong',      N'K104_CD', N'Bị hỏng')
insert into STATUS values (N'K104_CD_khac',      N'K104_CD', N'Khác')
insert into STATUS values (N'K104_CS1_hong',     N'K104_CS1', N'Bị hỏng')
insert into STATUS values (N'K104_CS1_khac',     N'K104_CS1', N'Khác')
insert into STATUS values (N'K104_CS2_hong',     N'K104_CS2', N'Bị hỏng')
insert into STATUS values (N'K104_CS2_khac',     N'K104_CS2', N'Khác')

----------------------------------------------------------------------------------------------------------------------

insert into ROOM values (N'M206', N'M', N'Phòng học')

insert into EQUIPMENT values (N'M206_D1', N'M206', N'Đèn 1', '2021-01-01', N'Rạng Đông')
insert into EQUIPMENT values (N'M206_D2', N'M206', N'Đèn 2', '2021-01-01', N'Rạng Đông')
insert into EQUIPMENT values (N'M206_BG1', N'M206', N'Bàn ghế 1', '2021-02-01', N'Hòa Nhân')
insert into EQUIPMENT values (N'M206_BG2', N'M206', N'Bàn ghế 2', '2021-02-01', N'Hòa Nhân')
insert into EQUIPMENT values (N'M206_MC', N'M206', N'Máy chiếu', '2021-01-23', N'Sony')
insert into EQUIPMENT values (N'M206_Q1', N'M206', N'Quạt 1', '2021-01-23', N'Mitsubishi')
insert into EQUIPMENT values (N'M206_Q2', N'M206', N'Quạt 2', '2021-01-23', N'Mitsubishi')
insert into EQUIPMENT values (N'M206_DH1', N'M206', N'Điều hòa 1', '2021-01-23', N'Nagakawa')
insert into EQUIPMENT values (N'M206_DH2', N'M206', N'Điều hòa 2', '2021-01-23', N'Nagakawa')
insert into EQUIPMENT values (N'M206_CD', N'M206', N'Cửa đi', '2021-01-23', N'Hòa Nhân')
insert into EQUIPMENT values (N'M206_CS1', N'M206', N'Cửa sổ 1', '2021-01-23', N'Trung Hòa')
insert into EQUIPMENT values (N'M206_CS2', N'M206', N'Cửa sổ 2', '2021-01-23', N'Trung Hòa')

insert into STATUS values (N'M206_D1_khongSang', N'M206_D1', N'Không sáng')
insert into STATUS values (N'M206_D1_khac',      N'M206_D1', N'Khác')
insert into STATUS values (N'M206_D2_khongSang', N'M206_D2', N'Không sáng')
insert into STATUS values (N'M206_D2_khac',      N'M206_D2', N'Khác')
insert into STATUS values (N'M206_BG1_hong',     N'M206_BG1', N'Bị hỏng')
insert into STATUS values (N'M206_BG1_khac',     N'M206_BG1', N'Khác')
insert into STATUS values (N'M206_BG2_hong',     N'M206_BG2', N'Bị hỏng')
insert into STATUS values (N'M206_BG2_khac',     N'M206_BG2', N'Khác')
insert into STATUS values (N'M206_MC_mo',        N'M206_MC', N'Quá mờ')
insert into STATUS values (N'M206_MC_khongBT',   N'M206_MC', N'Hoạt động không bình thường')
insert into STATUS values (N'M206_MC_khac',      N'M206_MC', N'Khác')
insert into STATUS values (N'M206_Q1_khongBT',   N'M206_Q1', N'Chạy không bình thường')
insert into STATUS values (N'M206_Q1_khongHD',   N'M206_Q1', N'Không hoạt động')
insert into STATUS values (N'M206_Q1_khac',      N'M206_Q1', N'Khác')
insert into STATUS values (N'M206_Q2_khongBT',   N'M206_Q2', N'Chạy không bình thường')
insert into STATUS values (N'M206_Q2_khongHD',   N'M206_Q2', N'Không hoạt động')
insert into STATUS values (N'M206_Q2_khac',      N'M206_Q2', N'Khác')
insert into STATUS values (N'M206_DH1_khongBT',  N'M206_DH1', N'Chạy không bình thường')
insert into STATUS values (N'M206_DH1_khongHD',  N'M206_DH1', N'Không hoạt động')
insert into STATUS values (N'M206_DH1_khac',     N'M206_DH1', N'Khác')
insert into STATUS values (N'M206_DH2_khongBT',  N'M206_DH2', N'Chạy không bình thường')
insert into STATUS values (N'M206_DH2_khongHD',  N'M206_DH2', N'Không hoạt động')
insert into STATUS values (N'M206_DH2_khac',     N'M206_DH2', N'Khác')
insert into STATUS values (N'M206_CD_hong',      N'M206_CD', N'Bị hỏng')
insert into STATUS values (N'M206_CD_khac',      N'M206_CD', N'Khác')
insert into STATUS values (N'M206_CS1_hong',     N'M206_CS1', N'Bị hỏng')
insert into STATUS values (N'M206_CS1_khac',     N'M206_CS1', N'Khác')
insert into STATUS values (N'M206_CS2_hong',     N'M206_CS2', N'Bị hỏng')
insert into STATUS values (N'M206_CS2_khac',     N'M206_CS2', N'Khác')

----------------------------------------------------------------------------------------------------------------------

insert into ROOM values (N'P1', N'P', N'Phòng học')

insert into EQUIPMENT values (N'P1_D1', N'P1', N'Đèn 1', '2021-01-01', N'Rạng Đông')
insert into EQUIPMENT values (N'P1_D2', N'P1', N'Đèn 2', '2021-01-01', N'Rạng Đông')
insert into EQUIPMENT values (N'P1_BG1', N'P1', N'Bàn ghế 1', '2021-02-01', N'Hòa Nhân')
insert into EQUIPMENT values (N'P1_BG2', N'P1', N'Bàn ghế 2', '2021-02-01', N'Hòa Nhân')
insert into EQUIPMENT values (N'P1_MC', N'P1', N'Máy chiếu', '2021-01-23', N'Sony')
insert into EQUIPMENT values (N'P1_Q1', N'P1', N'Quạt 1', '2021-01-23', N'Mitsubishi')
insert into EQUIPMENT values (N'P1_Q2', N'P1', N'Quạt 2', '2021-01-23', N'Mitsubishi')
insert into EQUIPMENT values (N'P1_DH1', N'P1', N'Điều hòa 1', '2021-01-23', N'Nagakawa')
insert into EQUIPMENT values (N'P1_DH2', N'P1', N'Điều hòa 2', '2021-01-23', N'Nagakawa')
insert into EQUIPMENT values (N'P1_CD', N'P1', N'Cửa đi', '2021-01-23', N'Hòa Nhân')
insert into EQUIPMENT values (N'P1_CS1', N'P1', N'Cửa sổ 1', '2021-01-23', N'Trung Hòa')
insert into EQUIPMENT values (N'P1_CS2', N'P1', N'Cửa sổ 2', '2021-01-23', N'Trung Hòa')

insert into STATUS values (N'P1_D1_khongSang', N'P1_D1', N'Không sáng')
insert into STATUS values (N'P1_D1_khac',      N'P1_D1', N'Khác')
insert into STATUS values (N'P1_D2_khongSang', N'P1_D2', N'Không sáng')
insert into STATUS values (N'P1_D2_khac',      N'P1_D2', N'Khác')
insert into STATUS values (N'P1_BG1_hong',     N'P1_BG1', N'Bị hỏng')
insert into STATUS values (N'P1_BG1_khac',     N'P1_BG1', N'Khác')
insert into STATUS values (N'P1_BG2_hong',     N'P1_BG2', N'Bị hỏng')
insert into STATUS values (N'P1_BG2_khac',     N'P1_BG2', N'Khác')
insert into STATUS values (N'P1_MC_mo',        N'P1_MC', N'Quá mờ')
insert into STATUS values (N'P1_MC_khongBT',   N'P1_MC', N'Hoạt động không bình thường')
insert into STATUS values (N'P1_MC_khac',      N'P1_MC', N'Khác')
insert into STATUS values (N'P1_Q1_khongBT',   N'P1_Q1', N'Chạy không bình thường')
insert into STATUS values (N'P1_Q1_khongHD',   N'P1_Q1', N'Không hoạt động')
insert into STATUS values (N'P1_Q1_khac',      N'P1_Q1', N'Khác')
insert into STATUS values (N'P1_Q2_khongBT',   N'P1_Q2', N'Chạy không bình thường')
insert into STATUS values (N'P1_Q2_khongHD',   N'P1_Q2', N'Không hoạt động')
insert into STATUS values (N'P1_Q2_khac',      N'P1_Q2', N'Khác')
insert into STATUS values (N'P1_DH1_khongBT',  N'P1_DH1', N'Chạy không bình thường')
insert into STATUS values (N'P1_DH1_khongHD',  N'P1_DH1', N'Không hoạt động')
insert into STATUS values (N'P1_DH1_khac',     N'P1_DH1', N'Khác')
insert into STATUS values (N'P1_DH2_khongBT',  N'P1_DH2', N'Chạy không bình thường')
insert into STATUS values (N'P1_DH2_khongHD',  N'P1_DH2', N'Không hoạt động')
insert into STATUS values (N'P1_DH2_khac',     N'P1_DH2', N'Khác')
insert into STATUS values (N'P1_CD_hong',      N'P1_CD', N'Bị hỏng')
insert into STATUS values (N'P1_CD_khac',      N'P1_CD', N'Khác')
insert into STATUS values (N'P1_CS1_hong',     N'P1_CS1', N'Bị hỏng')
insert into STATUS values (N'P1_CS1_khac',     N'P1_CS1', N'Khác')
insert into STATUS values (N'P1_CS2_hong',     N'P1_CS2', N'Bị hỏng')
insert into STATUS values (N'P1_CS2_khac',     N'P1_CS2', N'Khác')

----------------------------------------------------------------------------------------------------------------------

insert into ROOM values (N'P2', N'P', N'Phòng học')

insert into EQUIPMENT values (N'P2_D1', N'P2', N'Đèn 1', '2021-01-01', N'Rạng Đông')
insert into EQUIPMENT values (N'P2_D2', N'P2', N'Đèn 2', '2021-01-01', N'Rạng Đông')
insert into EQUIPMENT values (N'P2_BG1', N'P2', N'Bàn ghế 1', '2021-02-01', N'Hòa Nhân')
insert into EQUIPMENT values (N'P2_BG2', N'P2', N'Bàn ghế 2', '2021-02-01', N'Hòa Nhân')
insert into EQUIPMENT values (N'P2_MC', N'P2', N'Máy chiếu', '2021-01-23', N'Sony')
insert into EQUIPMENT values (N'P2_Q1', N'P2', N'Quạt 1', '2021-01-23', N'Mitsubishi')
insert into EQUIPMENT values (N'P2_Q2', N'P2', N'Quạt 2', '2021-01-23', N'Mitsubishi')
insert into EQUIPMENT values (N'P2_DH1', N'P2', N'Điều hòa 1', '2021-01-23', N'Nagakawa')
insert into EQUIPMENT values (N'P2_DH2', N'P2', N'Điều hòa 2', '2021-01-23', N'Nagakawa')
insert into EQUIPMENT values (N'P2_CD', N'P2', N'Cửa đi', '2021-01-23', N'Hòa Nhân')
insert into EQUIPMENT values (N'P2_CS1', N'P2', N'Cửa sổ 1', '2021-01-23', N'Trung Hòa')
insert into EQUIPMENT values (N'P2_CS2', N'P2', N'Cửa sổ 2', '2021-01-23', N'Trung Hòa')

insert into STATUS values (N'P2_D1_khongSang', N'P2_D1', N'Không sáng')
insert into STATUS values (N'P2_D1_khac',      N'P2_D1', N'Khác')
insert into STATUS values (N'P2_D2_khongSang', N'P2_D2', N'Không sáng')
insert into STATUS values (N'P2_D2_khac',      N'P2_D2', N'Khác')
insert into STATUS values (N'P2_BG1_hong',     N'P2_BG1', N'Bị hỏng')
insert into STATUS values (N'P2_BG1_khac',     N'P2_BG1', N'Khác')
insert into STATUS values (N'P2_BG2_hong',     N'P2_BG2', N'Bị hỏng')
insert into STATUS values (N'P2_BG2_khac',     N'P2_BG2', N'Khác')
insert into STATUS values (N'P2_MC_mo',        N'P2_MC', N'Quá mờ')
insert into STATUS values (N'P2_MC_khongBT',   N'P2_MC', N'Hoạt động không bình thường')
insert into STATUS values (N'P2_MC_khac',      N'P2_MC', N'Khác')
insert into STATUS values (N'P2_Q1_khongBT',   N'P2_Q1', N'Chạy không bình thường')
insert into STATUS values (N'P2_Q1_khongHD',   N'P2_Q1', N'Không hoạt động')
insert into STATUS values (N'P2_Q1_khac',      N'P2_Q1', N'Khác')
insert into STATUS values (N'P2_Q2_khongBT',   N'P2_Q2', N'Chạy không bình thường')
insert into STATUS values (N'P2_Q2_khongHD',   N'P2_Q2', N'Không hoạt động')
insert into STATUS values (N'P2_Q2_khac',      N'P2_Q2', N'Khác')
insert into STATUS values (N'P2_DH1_khongBT',  N'P2_DH1', N'Chạy không bình thường')
insert into STATUS values (N'P2_DH1_khongHD',  N'P2_DH1', N'Không hoạt động')
insert into STATUS values (N'P2_DH1_khac',     N'P2_DH1', N'Khác')
insert into STATUS values (N'P2_DH2_khongBT',  N'P2_DH2', N'Chạy không bình thường')
insert into STATUS values (N'P2_DH2_khongHD',  N'P2_DH2', N'Không hoạt động')
insert into STATUS values (N'P2_DH2_khac',     N'P2_DH2', N'Khác')
insert into STATUS values (N'P2_CD_hong',      N'P2_CD', N'Bị hỏng')
insert into STATUS values (N'P2_CD_khac',      N'P2_CD', N'Khác')
insert into STATUS values (N'P2_CS1_hong',     N'P2_CS1', N'Bị hỏng')
insert into STATUS values (N'P2_CS1_khac',     N'P2_CS1', N'Khác')
insert into STATUS values (N'P2_CS2_hong',     N'P2_CS2', N'Bị hỏng')
insert into STATUS values (N'P2_CS2_khac',     N'P2_CS2', N'Khác')

----------------------------------------------------------------------------------------------------------------------

insert into ROOM values (N'PTN_AVL', N'AVL', N'Phòng thí nghiệm')

insert into EQUIPMENT values (N'PTN_AVL_ON', N'PTN_AVL', N'Ống nghiệm', '2021-01-23', N'Việt Khoa')
insert into EQUIPMENT values (N'PTN_AVL_BRT', N'PTN_AVL', N'Bồn rửa tay', '2021-01-23', N'Việt Khoa')
insert into EQUIPMENT values (N'PTN_AVL_BC', N'PTN_AVL', N'Bàn cân', '2021-01-23', N'Việt Khoa')

insert into STATUS values (N'PTN_AVL_ON_vo',         N'PTN_AVL_ON', N'Vỡ')
insert into STATUS values (N'PTN_AVL_ON_khac',       N'PTN_AVL_ON', N'Khác')
insert into STATUS values (N'PTN_AVL_BRT_vo',        N'PTN_AVL_ON', N'Vỡ')
insert into STATUS values (N'PTN_AVL_BRT_khongNuoc', N'PTN_AVL_ON', N'Không có nước')
insert into STATUS values (N'PTN_AVL_BRT_khac',      N'PTN_AVL_ON', N'Khác')
insert into STATUS values (N'PTN_AVL_BC_hong',       N'PTN_AVL_ON', N'Bị hỏng')
insert into STATUS values (N'PTN_AVL_BC_khac',       N'PTN_AVL_ON', N'Khác')

----------------------------------------------------------------------------------------------------------------------

insert into ROOM values (N'PTN khu D', N'D', N'Phòng thí nghiệm')

insert into EQUIPMENT values (N'PTN_D_ON', N'PTN khu D', N'Ống nghiệm', '2021-01-23', N'Việt Khoa')
insert into EQUIPMENT values (N'PTN_D_BRT', N'PTN khu D', N'Bồn rửa tay', '2021-01-23', N'Việt Khoa')
insert into EQUIPMENT values (N'PTN_D_BC', N'PTN khu D', N'Bàn cân', '2021-01-23', N'Việt Khoa')

insert into STATUS values (N'PTN_D_ON_vo',         N'PTN_D_ON', N'Vỡ')
insert into STATUS values (N'PTN_D_ON_khac',       N'PTN_D_ON', N'Khác')
insert into STATUS values (N'PTN_D_BRT_vo',        N'PTN_D_ON', N'Vỡ')
insert into STATUS values (N'PTN_D_BRT_khongNuoc', N'PTN_D_ON', N'Không có nước')
insert into STATUS values (N'PTN_D_BRT_khac',      N'PTN_D_ON', N'Khác')
insert into STATUS values (N'PTN_D_BC_hong',       N'PTN_D_ON', N'Bị hỏng')
insert into STATUS values (N'PTN_D_BC_khac',       N'PTN_D_ON', N'Khác')

----------------------------------------------------------------------------------------------------------------------

insert into ROOM values (N'PTN khu K', N'K', N'Phòng thí nghiệm')

insert into EQUIPMENT values (N'PTN_K_ON', N'PTN khu K', N'Ống nghiệm', '2021-01-23', N'Việt Khoa')
insert into EQUIPMENT values (N'PTN_K_BRT', N'PTN khu K', N'Bồn rửa tay', '2021-01-23', N'Việt Khoa')
insert into EQUIPMENT values (N'PTN_K_BC', N'PTN khu K', N'Bàn cân', '2021-01-23', N'Việt Khoa')

insert into STATUS values (N'PTN_K_ON_vo', N'PTN_K_ON', N'Vỡ')
insert into STATUS values (N'PTN_K_ON_khac', N'PTN_K_ON', N'Khác')
insert into STATUS values (N'PTN_K_BRT_vo', N'PTN_K_BRT', N'Vỡ')
insert into STATUS values (N'PTN_K_BRT_khongNuoc', N'PTN_K_BRT', N'Không có nước')
insert into STATUS values (N'PTN_K_BRT_khac', N'PTN_K_BRT', N'Khác')
insert into STATUS values (N'PTN_K_BC_hong', N'PTN_K_BC', N'Bị hỏng')
insert into STATUS values (N'PTN_K_BC_khac', N'PTN_K_BC', N'Khác')

----------------------------------------------------------------------------------------------------------------------

insert into ROOM values (N'Xưởng CK', N'X1', N'Xưởng cơ khí chế tạo')

insert into EQUIPMENT values (N'PTN_CK_RBHTD', N'Xưởng CK', N'Robot hàn tự động', '2021-01-23', N'Việt Khoa')
insert into EQUIPMENT values (N'PTN_CK_MTCNC', N'Xưởng CK', N'Máy tiện CNC', '2021-01-23', N'Việt Khoa')
insert into EQUIPMENT values (N'PTN_CK_PCNC', N'Xưởng CK', N'Phay CNC', '2021-01-23', N'Việt Khoa')
insert into EQUIPMENT values (N'PTN_CK_DDCNC', N'Xưởng CK', N'Đột dập CNC', '2021-01-23', N'Việt Khoa')

insert into STATUS values (N'PTN_CK_RBHTD_hong', N'PTN_CK_RBHTD', N'Bị hỏng')
insert into STATUS values (N'PTN_CK_RBHTD_khac', N'PTN_CK_RBHTD', N'Khác')
insert into STATUS values (N'PTN_CK_MTCNC_hong', N'PTN_CK_MTCNC', N'Bị hỏng')
insert into STATUS values (N'PTN_CK_MTCNC_khac', N'PTN_CK_MTCNC', N'Khác')
insert into STATUS values (N'PTN_CK_PCNC_hong', N'PTN_CK_PCNC', N'Bị hỏng')
insert into STATUS values (N'PTN_CK_PCNC_khac', N'PTN_CK_PCNC', N'Khác')
insert into STATUS values (N'PTN_CK_DDCNC_hong', N'PTN_CK_DDCNC', N'Bị hỏng')
insert into STATUS values (N'PTN_CK_DDCNC_khac', N'PTN_CK_DDCNC', N'Khác')

----------------------------------------------------------------------------------------------------------------------

insert into ROOM values (N'Xưởng ĐL', N'X2', N'Xưởng cơ khí động lực')

insert into EQUIPMENT values (N'X2_DL_MT', N'Xưởng ĐL', N'Máy tiện CNC', '2021-01-23', N'Thành Phát')
insert into EQUIPMENT values (N'X2_DL_MH', N'Xưởng ĐL', N'Máy hàn', '2021-01-23', N'Hồng Ký')

insert into STATUS values (N'X2_DL_MT_hong', N'X2_DL_MT', N'Bị hỏng')
insert into STATUS values (N'X2_DL_MT_khac', N'X2_DL_MT', N'Khác')
insert into STATUS values (N'X2_DL_MH_hong', N'X2_DL_MH', N'Bị hỏng')
insert into STATUS values (N'X2_DL_MH_khac', N'X2_DL_MH', N'Khác')

----------------------------------------------------------------------------------------------------------------------

insert into REPORT values (3, N'A124', N'A124_Q1', N'A124_Q1_khongHD', N'Mong ad xử lý sớm ạ!', 0, '2021-03-30', 1)
insert into REPORT values (2, N'A133A', N'A133A_BG1', N'A133A_BG1_hong', N'', 0, '2021-03-30', 1)
insert into REPORT values (1, N'B109', N'B109_DH1', N'B109_DH1_khac', N'Bị bẩn', 0, '2029-03-30', 1)
insert into REPORT values (3, N'PTN khu K', N'PTN_K_ON', N'PTN_K_ON_vo', N'', 0, '2021-03-30', 1)
insert into REPORT values (4, N'B109', N'B109_CD', N'B109_CD_khac', N'Không mở được', 0, '2021-03-30', 1)
insert into REPORT values (2, N'A133A', N'A133A_MC', N'A133A_MC_khongBT', N'Nhờ ad giải quyết!', 0, '2021-01-30', 1)
insert into REPORT values (4, N'Xưởng ĐL', N'X2_DL_MT', N'X2_DL_MT_khac', N'Bị nóng', 0, '2020-03-30', 1)
insert into REPORT values (5, N'B109', N'B109_BG1', N'B109_BG1_khac', N'Gãy một chân bàn', 0, '2021-03-30', 1)

insert into RESPONSE values (1, 1, N'Xác nhận thông tin', 1, '2021-04-01')
insert into RESPONSE values (2, 2, N'Xác nhận thông tin', 1, '2021-04-01')
insert into RESPONSE values (2, 2, N'Đã giải quyết xong, cảm ơn em', 2, '2021-04-01')
insert into RESPONSE values (1, 3, N'Xác nhận thông tin', 1, '2021-04-01')
insert into RESPONSE values (1, 3, N'Báo cáo của em sai!', 3, '2021-04-01')
insert into RESPONSE values (2, 4, N'Xác nhận thông tin', 1, '2021-04-01')
insert into RESPONSE values (2, 5, N'Xác nhận thông tin', 1, '2021-04-01')
insert into RESPONSE values (2, 5, N'Đã giải quyết xong, cảm ơn em', 1, '2021-04-01')
insert into RESPONSE values (1, 6, N'Xác nhận thông tin', 1, '2021-04-01')